quarter_date,rank,permno,permco,ticker,comnam,mcap
2009-01-01,1,11850,20678,XOM,EXXON MOBIL CORP,415274024360.0
2009-01-01,2,55976,21880,WMT,WALMART INC,224291523359.99997
2009-01-01,3,18163,21446,PG,PROCTER & GAMBLE CO,187502274000.0
2009-01-01,4,10107,8048,MSFT,MICROSOFT CORP,180713369999.99997
2009-01-01,5,12060,20792,GE,GENERAL ELECTRIC CO,179613715020.0
2009-01-01,6,66093,21645,T,A T & T INC,173372060000.0
2009-01-01,7,22111,21018,JNJ,JOHNSON & JOHNSON,168277549200.0
2009-01-01,8,14541,20440,CVX,CHEVRON CORP NEW,155472647320.0
2009-01-01,9,38703,21305,WFC,WELLS FARGO & CO NEW,124769490000.0
2009-01-01,10,21936,21394,PFE,PFIZER INC,123193422450.0
2009-01-01,11,12490,20990,IBM,INTERNATIONAL BUSINESS MACHS COR,117377925460.00002
2009-01-01,12,47896,20436,JPM,JPMORGAN CHASE & CO,117009423300.00002
2009-01-01,13,11308,20468,KO,COCA COLA CO,106192174500.0
2009-01-01,14,76076,10486,CSCO,CISCO SYSTEMS INC,99302275520.00002
2009-01-01,15,65875,20288,VZ,VERIZON COMMUNICATIONS INC,98394365760.0
2009-01-01,16,10104,8045,ORCL,ORACLE CORP,92900118570.00002
2009-01-01,17,59408,3151,BAC,BANK OF AMERICA CORP,91605227170.0
2009-01-01,18,92602,52978,PM,PHILIP MORRIS INTERNATIONAL INC,89256260080.0
2009-01-01,19,27828,20908,HPQ,H P INC,88940358810.0
2009-01-01,20,13856,21384,PEP,PEPSICO INC,86928182370.0
2009-01-01,21,59328,2367,INTC,INTEL CORP,84542400000.0
2009-01-01,22,20482,20017,ABT,ABBOTT LABORATORIES,83102731920.0
2009-01-01,23,13928,21401,COP,CONOCOPHILLIPS,81771367300.0
2009-01-01,24,14593,7,AAPL,APPLE INC,80805161250.0
2009-01-01,25,90319,45483,GOOGL,ALPHABET INC,77140258760.73001
2009-01-01,26,43449,21177,MCD,MCDONALDS CORP,71052243750.0
2009-01-01,27,22752,21188,MRK,MERCK & CO INC NEW,65539766000.0
2009-01-01,28,14008,216,AMGN,AMGEN INC,61762530000.0
2009-01-01,29,77178,11253,QCOM,QUALCOMM INC,61095449999.99999
2009-01-01,30,14277,21576,SLB,SCHLUMBERGER LTD,54569184160.0
2009-04-01,1,11850,20678,XOM,EXXON MOBIL CORP,342109044900.00006
2009-04-01,2,55976,21880,WMT,WALMART INC,207189196640.00003
2009-04-01,3,10107,8048,MSFT,MICROSOFT CORP,171820380000.0
2009-04-01,4,66093,21645,T,A T & T INC,152754517440.0
2009-04-01,5,22111,21018,JNJ,JOHNSON & JOHNSON,146795837760.0
2009-04-01,6,18163,21446,PG,PROCTER & GAMBLE CO,141295169670.00003
2009-04-01,7,14541,20440,CVX,CHEVRON CORP NEW,136911379699.99998
2009-04-01,8,12490,20990,IBM,INTERNATIONAL BUSINESS MACHS COR,130961189580.0
2009-04-01,9,12060,20792,GE,GENERAL ELECTRIC CO,107486730000.0
2009-04-01,10,47896,20436,JPM,JPMORGAN CHASE & CO,105747953220.0
2009-04-01,11,11308,20468,KO,COCA COLA CO,103835557880.0
2009-04-01,12,76076,10486,CSCO,CISCO SYSTEMS INC,101914316820.00002
2009-04-01,13,14593,7,AAPL,APPLE INC,96963435899.99998
2009-04-01,14,21936,21394,PFE,PFIZER INC,94357513600.0
2009-04-01,15,10104,8045,ORCL,ORACLE CORP,92591832119.99998
2009-04-01,16,65875,20288,VZ,VERIZON COMMUNICATIONS INC,88664800000.0
2009-04-01,17,90319,45483,GOOGL,ALPHABET INC,85290366479.99998
2009-04-01,18,59328,2367,INTC,INTEL CORP,83942550000.0
2009-04-01,19,13856,21384,PEP,PEPSICO INC,81292492820.0
2009-04-01,20,27828,20908,HPQ,H P INC,78800635440.00002
2009-04-01,21,20482,20017,ABT,ABBOTT LABORATORIES,72169386100.00002
2009-04-01,22,92602,52978,PM,PHILIP MORRIS INTERNATIONAL INC,71827882000.0
2009-04-01,23,77178,11253,QCOM,QUALCOMM INC,65591040000.0
2009-04-01,24,43449,21177,MCD,MCDONALDS CORP,61516479280.0
2009-04-01,25,38703,21305,WFC,WELLS FARGO & CO NEW,61450919040.0
2009-04-01,26,13928,21401,COP,CONOCOPHILLIPS,58913591800.0
2009-04-01,27,15667,20086,WYE,WYETH,57650312800.0
2009-04-01,28,22752,21188,MRK,MERCK & CO INC NEW,56886553099.99999
2009-04-01,29,86868,35048,GS,GOLDMAN SACHS GROUP INC,50970302920.0
2009-04-01,30,14277,21576,SLB,SCHLUMBERGER LTD,49157737200.0
2009-07-01,1,11850,20678,XOM,EXXON MOBIL CORP,344312337600.0
2009-07-01,2,10107,8048,MSFT,MICROSOFT CORP,214148320000.0
2009-07-01,3,55976,21880,WMT,WALMART INC,188479412660.0
2009-07-01,4,22111,21018,JNJ,JOHNSON & JOHNSON,157260151620.0
2009-07-01,5,18163,21446,PG,PROCTER & GAMBLE CO,151564504000.0
2009-07-01,6,66093,21645,T,A T & T INC,147913000000.0
2009-07-01,7,12490,20990,IBM,INTERNATIONAL BUSINESS MACHS COR,138388800000.0
2009-07-01,8,14541,20440,CVX,CHEVRON CORP NEW,133350781440.0
2009-07-01,9,47896,20436,JPM,JPMORGAN CHASE & CO,131736770000.00002
2009-07-01,10,14593,7,AAPL,APPLE INC,127937830050.00002
2009-07-01,11,12060,20792,GE,GENERAL ELECTRIC CO,124745193500.0
2009-07-01,12,11308,20468,KO,COCA COLA CO,113851601640.0
2009-07-01,13,38703,21305,WFC,WELLS FARGO & CO NEW,113576792940.0
2009-07-01,14,10104,8045,ORCL,ORACLE CORP,108857180199.99998
2009-07-01,15,76076,10486,CSCO,CISCO SYSTEMS INC,108436162800.0
2009-07-01,16,59408,3151,BAC,BANK OF AMERICA CORP,103356000000.0
2009-07-01,17,90319,45483,GOOGL,ALPHABET INC,101305494732.15
2009-07-01,18,21936,21394,PFE,PFIZER INC,100544887100.00002
2009-07-01,19,59328,2367,INTC,INTEL CORP,95372880000.0
2009-07-01,20,27828,20908,HPQ,H P INC,92300614160.0
2009-07-01,21,13856,21384,PEP,PEPSICO INC,87989827320.00002
2009-07-01,22,65875,20288,VZ,VERIZON COMMUNICATIONS INC,87546490680.0
2009-07-01,23,92602,52978,PM,PHILIP MORRIS INTERNATIONAL INC,86485929930.0
2009-07-01,24,77178,11253,QCOM,QUALCOMM INC,74920440000.0
2009-07-01,25,86868,35048,GS,GOLDMAN SACHS GROUP INC,74163986754.20999
2009-07-01,26,20482,20017,ABT,ABBOTT LABORATORIES,72080207760.0
2009-07-01,27,14277,21576,SLB,SCHLUMBERGER LTD,64940971960.0
2009-07-01,28,43449,21177,MCD,MCDONALDS CORP,64230807460.0
2009-07-01,29,13928,21401,COP,CONOCOPHILLIPS,62314161240.0
2009-07-01,30,15667,20086,WYE,WYETH,60518997629.99999
2009-10-01,1,11850,20678,XOM,EXXON MOBIL CORP,323285493299.99994
2009-10-01,2,10107,8048,MSFT,MICROSOFT CORP,221432000000.0
2009-10-01,3,55976,21880,WMT,WALMART INC,188984523000.0
2009-10-01,4,12060,20792,GE,GENERAL ELECTRIC CO,169710666740.0
2009-10-01,5,18163,21446,PG,PROCTER & GAMBLE CO,165274063100.0
2009-10-01,6,22111,21018,JNJ,JOHNSON & JOHNSON,164825235340.0
2009-10-01,7,14593,7,AAPL,APPLE INC,162738814181.34
2009-10-01,8,47896,20436,JPM,JPMORGAN CHASE & CO,162690545010.0
2009-10-01,9,66093,21645,T,A T & T INC,156999000000.0
2009-10-01,10,12490,20990,IBM,INTERNATIONAL BUSINESS MACHS COR,154553223600.0
2009-10-01,11,59408,3151,BAC,BANK OF AMERICA CORP,140242354950.00003
2009-10-01,12,14541,20440,CVX,CHEVRON CORP NEW,137999349530.0
2009-10-01,13,76076,10486,CSCO,CISCO SYSTEMS INC,133676507120.0
2009-10-01,14,38703,21305,WFC,WELLS FARGO & CO NEW,124264799400.0
2009-10-01,15,11308,20468,KO,COCA COLA CO,123102519039.99998
2009-10-01,16,90319,45483,GOOGL,ALPHABET INC,116963568000.73001
2009-10-01,17,21936,21394,PFE,PFIZER INC,110078522330.0
2009-10-01,18,27828,20908,HPQ,H P INC,108974285280.0
2009-10-01,19,59328,2367,INTC,INTEL CORP,104327999999.99998
2009-10-01,20,70519,20483,C,CITIGROUP INC,103647781650.0
2009-10-01,21,10104,8045,ORCL,ORACLE CORP,102068100480.0
2009-10-01,22,92602,52978,PM,PHILIP MORRIS INTERNATIONAL INC,93473010560.0
2009-10-01,23,86868,35048,GS,GOLDMAN SACHS GROUP INC,91506315742.37001
2009-10-01,24,13856,21384,PEP,PEPSICO INC,91080621540.0
2009-10-01,25,65875,20288,VZ,VERIZON COMMUNICATIONS INC,85247846480.0
2009-10-01,26,20482,20017,ABT,ABBOTT LABORATORIES,75254996160.0
2009-10-01,27,77178,11253,QCOM,QUALCOMM INC,71322365100.00002
2009-10-01,28,14277,21576,SLB,SCHLUMBERGER LTD,68431627990.00001
2009-10-01,29,13928,21401,COP,CONOCOPHILLIPS,67472086500.0
2009-10-01,30,22752,21188,MRK,MERCK & CO INC NEW,65754410700.0
2010-01-01,1,11850,20678,XOM,EXXON MOBIL CORP,327210746700.00006
2010-01-01,2,10107,8048,MSFT,MICROSOFT CORP,272700450000.0
2010-01-01,3,55976,21880,WMT,WALMART INC,206625627560.0
2010-01-01,4,14593,7,AAPL,APPLE INC,193953401757.17996
2010-01-01,5,18163,21446,PG,PROCTER & GAMBLE CO,178576382079.99997
2010-01-01,6,22111,21018,JNJ,JOHNSON & JOHNSON,178458588000.00003
2010-01-01,7,47896,20436,JPM,JPMORGAN CHASE & CO,175896421900.0
2010-01-01,8,12490,20990,IBM,INTERNATIONAL BUSINESS MACHS COR,173986717350.0
2010-01-01,9,66093,21645,T,A T & T INC,168650580000.0
2010-01-01,10,12060,20792,GE,GENERAL ELECTRIC CO,164503797750.0
2010-01-01,11,14541,20440,CVX,CHEVRON CORP NEW,158615548080.0
2010-01-01,12,21936,21394,PFE,PFIZER INC,152756316480.0
2010-01-01,13,90319,45483,GOOGL,ALPHABET INC,152683194250.0
2010-01-01,14,76076,10486,CSCO,CISCO SYSTEMS INC,142031323650.0
2010-01-01,15,38703,21305,WFC,WELLS FARGO & CO NEW,139682515600.0
2010-01-01,16,59408,3151,BAC,BANK OF AMERICA CORP,135722767680.0
2010-01-01,17,11308,20468,KO,COCA COLA CO,132172004240.0
2010-01-01,18,10104,8045,ORCL,ORACLE CORP,124528817000.0
2010-01-01,19,27828,20908,HPQ,H P INC,124000664050.00002
2010-01-01,20,59328,2367,INTC,INTEL CORP,115320240000.0
2010-01-01,21,22752,21188,MRK,MERCK & CO INC NEW,113046156759.99998
2010-01-01,22,13856,21384,PEP,PEPSICO INC,95561651800.0
2010-01-01,23,65875,20288,VZ,VERIZON COMMUNICATIONS INC,94536765440.0
2010-01-01,24,92602,52978,PM,PHILIP MORRIS INTERNATIONAL INC,93996204750.0
2010-01-01,25,86868,35048,GS,GOLDMAN SACHS GROUP INC,88977312560.0
2010-01-01,26,20482,20017,ABT,ABBOTT LABORATORIES,84235351480.0
2010-01-01,27,14277,21576,SLB,SCHLUMBERGER LTD,80583272040.0
2010-01-01,28,77178,11253,QCOM,QUALCOMM INC,78577560000.0
2010-01-01,29,13928,21401,COP,CONOCOPHILLIPS,78012630520.0
2010-01-01,30,70519,20483,C,CITIGROUP INC,77737419800.0
2010-04-01,1,11850,20678,XOM,EXXON MOBIL CORP,319205267530.0
2010-04-01,2,10107,8048,MSFT,MICROSOFT CORP,255499920000.0
2010-04-01,3,14593,7,AAPL,APPLE INC,214646806920.0
2010-04-01,4,55976,21880,WMT,WALMART INC,208587353920.00003
2010-04-01,5,12060,20792,GE,GENERAL ELECTRIC CO,195633743760.0
2010-04-01,6,18163,21446,PG,PROCTER & GAMBLE CO,184035012480.0
2010-04-01,7,22111,21018,JNJ,JOHNSON & JOHNSON,181279285970.0
2010-04-01,8,59408,3151,BAC,BANK OF AMERICA CORP,180980220519.99997
2010-04-01,9,47896,20436,JPM,JPMORGAN CHASE & CO,179500636980.0
2010-04-01,10,12490,20990,IBM,INTERNATIONAL BUSINESS MACHS COR,166597134750.0
2010-04-01,11,38703,21305,WFC,WELLS FARGO & CO NEW,162751669470.0
2010-04-01,12,66093,21645,T,A T & T INC,154103152140.0
2010-04-01,13,14541,20440,CVX,CHEVRON CORP NEW,154020591570.0
2010-04-01,14,76076,10486,CSCO,CISCO SYSTEMS INC,147893177880.0
2010-04-01,15,90319,45483,GOOGL,ALPHABET INC,139266695951.57
2010-04-01,16,21936,21394,PFE,PFIZER INC,137801081320.0
2010-04-01,17,10104,8045,ORCL,ORACLE CORP,127786056860.0
2010-04-01,18,11308,20468,KO,COCA COLA CO,127473357199.99998
2010-04-01,19,27828,20908,HPQ,H P INC,124852751320.00002
2010-04-01,20,59328,2367,INTC,INTEL CORP,124577960000.0
2010-04-01,21,70519,20483,C,CITIGROUP INC,119376214539.99998
2010-04-01,22,22752,21188,MRK,MERCK & CO INC NEW,117478604070.00002
2010-04-01,23,13856,21384,PEP,PEPSICO INC,110201369200.00002
2010-04-01,24,92602,52978,PM,PHILIP MORRIS INTERNATIONAL INC,98694128610.0
2010-04-01,25,86868,35048,GS,GOLDMAN SACHS GROUP INC,89680917660.0
2010-04-01,26,65875,20288,VZ,VERIZON COMMUNICATIONS INC,88835200000.0
2010-04-01,27,20482,20017,ABT,ABBOTT LABORATORIES,82227973280.0
2010-04-01,28,13928,21401,COP,CONOCOPHILLIPS,77345312760.0
2010-04-01,29,14277,21576,SLB,SCHLUMBERGER LTD,77202087380.0
2010-04-01,30,83443,540,BRK,BERKSHIRE HATHAWAY INC DEL,75608961450.0
2010-07-01,1,11850,20678,XOM,EXXON MOBIL CORP,288614479950.0
2010-07-01,2,14593,7,AAPL,APPLE INC,226982007359.99997
2010-07-01,3,10107,8048,MSFT,MICROSOFT CORP,200416611720.0
2010-07-01,4,55976,21880,WMT,WALMART INC,179324432660.00003
2010-07-01,5,18163,21446,PG,PROCTER & GAMBLE CO,171469484160.0
2010-07-01,6,22111,21018,JNJ,JOHNSON & JOHNSON,162919194900.0
2010-07-01,7,12490,20990,IBM,INTERNATIONAL BUSINESS MACHS COR,157177394359.99997
2010-07-01,8,12060,20792,GE,GENERAL ELECTRIC CO,150752434160.0
2010-07-01,9,66093,21645,T,A T & T INC,143825060000.0
2010-07-01,10,47896,20436,JPM,JPMORGAN CHASE & CO,143551279519.99997
2010-07-01,11,59408,3151,BAC,BANK OF AMERICA CORP,140661902920.0
2010-07-01,12,14541,20440,CVX,CHEVRON CORP NEW,135543162160.0
2010-07-01,13,38703,21305,WFC,WELLS FARGO & CO NEW,131191627360.0
2010-07-01,14,76076,10486,CSCO,CISCO SYSTEMS INC,121419070260.0
2010-07-01,15,11308,20468,KO,COCA COLA CO,115421761530.0
2010-07-01,16,21936,21394,PFE,PFIZER INC,114781086820.00002
2010-07-01,17,70519,20483,C,CITIGROUP INC,109543942619.99998
2010-07-01,18,10104,8045,ORCL,ORACLE CORP,108310300000.0
2010-07-01,19,90319,45483,GOOGL,ALPHABET INC,108187053388.34999
2010-07-01,20,22752,21188,MRK,MERCK & CO INC NEW,107392598880.0
2010-07-01,21,59328,2367,INTC,INTEL CORP,107164750000.0
2010-07-01,22,27828,20908,HPQ,H P INC,100126533440.0
2010-07-01,23,13856,21384,PEP,PEPSICO INC,99214472880.00002
2010-07-01,24,92602,52978,PM,PHILIP MORRIS INTERNATIONAL INC,86204827800.0
2010-07-01,25,65875,20288,VZ,VERIZON COMMUNICATIONS INC,79515971160.0
2010-07-01,26,83443,540,BRK,BERKSHIRE HATHAWAY INC DEL,76346872260.0
2010-07-01,27,13928,21401,COP,CONOCOPHILLIPS,72734100660.0
2010-07-01,28,43449,21177,MCD,MCDONALDS CORP,71766417869.99998
2010-07-01,29,20482,20017,ABT,ABBOTT LABORATORIES,71714029900.0
2010-07-01,30,86868,35048,GS,GOLDMAN SACHS GROUP INC,67509429459.99999
2010-10-01,1,11850,20678,XOM,EXXON MOBIL CORP,318441422159.99994
2010-10-01,2,14593,7,AAPL,APPLE INC,258779835240.3
2010-10-01,3,10107,8048,MSFT,MICROSOFT CORP,208741560000.0
2010-10-01,4,55976,21880,WMT,WALMART INC,194046147920.0
2010-10-01,5,12060,20792,GE,GENERAL ELECTRIC CO,174908359200.0
2010-10-01,6,18163,21446,PG,PROCTER & GAMBLE CO,170701533440.0
2010-10-01,7,66093,21645,T,A T & T INC,170238290000.0
2010-10-01,8,22111,21018,JNJ,JOHNSON & JOHNSON,170086978750.0
2010-10-01,9,12490,20990,IBM,INTERNATIONAL BUSINESS MACHS COR,168513846040.0
2010-10-01,10,14541,20440,CVX,CHEVRON CORP NEW,164768178300.0
2010-10-01,11,47896,20436,JPM,JPMORGAN CHASE & CO,153888131270.0
2010-10-01,12,21936,21394,PFE,PFIZER INC,138097616040.0
2010-10-01,13,10104,8045,ORCL,ORACLE CORP,136913449789.99998
2010-10-01,14,11308,20468,KO,COCA COLA CO,136535393440.0
2010-10-01,15,38703,21305,WFC,WELLS FARGO & CO NEW,133766343000.0
2010-10-01,16,59408,3151,BAC,BANK OF AMERICA CORP,133399000000.0
2010-10-01,17,90319,45483,GOOGL,ALPHABET INC,130085168180.0
2010-10-01,18,76076,10486,CSCO,CISCO SYSTEMS INC,122373243790.0
2010-10-01,19,70519,20483,C,CITIGROUP INC,118501733610.0
2010-10-01,20,22752,21188,MRK,MERCK & CO INC NEW,112493503800.0
2010-10-01,21,59328,2367,INTC,INTEL CORP,107728320000.0
2010-10-01,22,13856,21384,PEP,PEPSICO INC,106184347000.0
2010-10-01,23,92602,52978,PM,PHILIP MORRIS INTERNATIONAL INC,101815928500.0
2010-10-01,24,65875,20288,VZ,VERIZON COMMUNICATIONS INC,92980030000.0
2010-10-01,25,27828,20908,HPQ,H P INC,92455882110.00002
2010-10-01,26,13928,21401,COP,CONOCOPHILLIPS,85827383179.99998
2010-10-01,27,14277,21576,SLB,SCHLUMBERGER LTD,85481403480.0
2010-10-01,28,83443,540,BRK,BERKSHIRE HATHAWAY INC DEL,83258780850.0
2010-10-01,29,20482,20017,ABT,ABBOTT LABORATORIES,81160647700.0
2010-10-01,30,43449,21177,MCD,MCDONALDS CORP,79740202960.00002
2011-01-01,1,11850,20678,XOM,EXXON MOBIL CORP,375922624349.99994
2011-01-01,2,14593,7,AAPL,APPLE INC,303545514160.35004
2011-01-01,3,10107,8048,MSFT,MICROSOFT CORP,235115940000.0
2011-01-01,4,12060,20792,GE,GENERAL ELECTRIC CO,194768245040.00003
2011-01-01,5,55976,21880,WMT,WALMART INC,194342392640.00003
2011-01-01,6,14541,20440,CVX,CHEVRON CORP NEW,185022630320.0
2011-01-01,7,12490,20990,IBM,INTERNATIONAL BUSINESS MACHS COR,183223400280.0
2011-01-01,8,18163,21446,PG,PROCTER & GAMBLE CO,181303730609.99997
2011-01-01,9,66093,21645,T,A T & T INC,175349700000.0
2011-01-01,10,22111,21018,JNJ,JOHNSON & JOHNSON,172519676280.0
2011-01-01,11,47896,20436,JPM,JPMORGAN CHASE & CO,170362107980.0
2011-01-01,12,38703,21305,WFC,WELLS FARGO & CO NEW,165755714480.0
2011-01-01,13,10104,8045,ORCL,ORACLE CORP,159757520400.0
2011-01-01,14,11308,20468,KO,COCA COLA CO,151443057480.0
2011-01-01,15,90319,45483,GOOGL,ALPHABET INC,147226302977.78
2011-01-01,16,59408,3151,BAC,BANK OF AMERICA CORP,143108235930.0
2011-01-01,17,70519,20483,C,CITIGROUP INC,142343040000.0
2011-01-01,18,21936,21394,PFE,PFIZER INC,141615933680.0
2011-01-01,19,59328,2367,INTC,INTEL CORP,114904350000.00002
2011-01-01,20,14277,21576,SLB,SCHLUMBERGER LTD,114130387000.00002
2011-01-01,21,76076,10486,CSCO,CISCO SYSTEMS INC,113571193380.0
2011-01-01,22,22752,21188,MRK,MERCK & CO INC NEW,111034951240.0
2011-01-01,23,92602,52978,PM,PHILIP MORRIS INTERNATIONAL INC,106450495980.0
2011-01-01,24,13856,21384,PEP,PEPSICO INC,104203295750.0
2011-01-01,25,65875,20288,VZ,VERIZON COMMUNICATIONS INC,102979704690.0
2011-01-01,26,13928,21401,COP,CONOCOPHILLIPS,100259913999.99998
2011-01-01,27,27828,20908,HPQ,H P INC,93618807240.00002
2011-01-01,28,86868,35048,GS,GOLDMAN SACHS GROUP INC,88470601150.0
2011-01-01,29,83443,540,BRK,BERKSHIRE HATHAWAY INC DEL,83449417590.0
2011-01-01,30,84788,15473,AMZN,AMAZON COM INC,83083220000.0
2011-04-01,1,11850,20678,XOM,EXXON MOBIL CORP,419894078640.00006
2011-04-01,2,14593,7,AAPL,APPLE INC,318605673440.0
2011-04-01,3,14541,20440,CVX,CHEVRON CORP NEW,217446984000.0
2011-04-01,4,12060,20792,GE,GENERAL ELECTRIC CO,215980066260.0
2011-04-01,5,10107,8048,MSFT,MICROSOFT CORP,214821880000.0
2011-04-01,6,12490,20990,IBM,INTERNATIONAL BUSINESS MACHS COR,200333178720.0
2011-04-01,7,47896,20436,JPM,JPMORGAN CHASE & CO,184635688500.0
2011-04-01,8,55976,21880,WMT,WALMART INC,181996203870.0
2011-04-01,9,66093,21645,T,A T & T INC,181210568520.0
2011-04-01,10,18163,21446,PG,PROCTER & GAMBLE CO,173872670720.0
2011-04-01,11,10104,8045,ORCL,ORACLE CORP,172158754320.00003
2011-04-01,12,38703,21305,WFC,WELLS FARGO & CO NEW,169263879820.00003
2011-04-01,13,22111,21018,JNJ,JOHNSON & JOHNSON,163019614140.00003
2011-04-01,14,21936,21394,PFE,PFIZER INC,162860900560.0
2011-04-01,15,11308,20468,KO,COCA COLA CO,154278504160.0
2011-04-01,16,90319,45483,GOOGL,ALPHABET INC,149530103473.3
2011-04-01,17,59408,3151,BAC,BANK OF AMERICA CORP,135319842350.0
2011-04-01,18,70519,20483,C,CITIGROUP INC,129577658750.0
2011-04-01,19,14277,21576,SLB,SCHLUMBERGER LTD,127417101700.0
2011-04-01,20,92602,52978,PM,PHILIP MORRIS INTERNATIONAL INC,116687780760.0
2011-04-01,21,13928,21401,COP,CONOCOPHILLIPS,113914352640.00002
2011-04-01,22,65875,20288,VZ,VERIZON COMMUNICATIONS INC,107716000000.0
2011-04-01,23,59328,2367,INTC,INTEL CORP,105225920000.0
2011-04-01,24,13856,21384,PEP,PEPSICO INC,104381675100.0
2011-04-01,25,22752,21188,MRK,MERCK & CO INC NEW,101957488670.0
2011-04-01,26,76076,10486,CSCO,CISCO SYSTEMS INC,94197034800.0
2011-04-01,27,77178,11253,QCOM,QUALCOMM INC,90747020000.0
2011-04-01,28,27828,20908,HPQ,H P INC,88677892380.0
2011-04-01,29,83443,540,BRK,BERKSHIRE HATHAWAY INC DEL,88525825120.0
2011-04-01,30,34833,21322,OXY,OCCIDENTAL PETROLEUM CORP,84782445300.0
2011-07-01,1,11850,20678,XOM,EXXON MOBIL CORP,403988312860.0
2011-07-01,2,14593,7,AAPL,APPLE INC,318169076309.04004
2011-07-01,3,10107,8048,MSFT,MICROSOFT CORP,217943520000.0
2011-07-01,4,12490,20990,IBM,INTERNATIONAL BUSINESS MACHS COR,211402835887.99997
2011-07-01,5,14541,20440,CVX,CHEVRON CORP NEW,209245985690.0
2011-07-01,6,12060,20792,GE,GENERAL ELECTRIC CO,203624582400.0
2011-07-01,7,66093,21645,T,A T & T INC,187608960000.0
2011-07-01,8,55976,21880,WMT,WALMART INC,185816685600.0
2011-07-01,9,22111,21018,JNJ,JOHNSON & JOHNSON,184478923900.0
2011-07-01,10,18163,21446,PG,PROCTER & GAMBLE CO,179396465380.0
2011-07-01,11,10104,8045,ORCL,ORACLE CORP,167415270750.0
2011-07-01,12,47896,20436,JPM,JPMORGAN CHASE & CO,165225822299.99997
2011-07-01,13,21936,21394,PFE,PFIZER INC,163948447500.0
2011-07-01,14,11308,20468,KO,COCA COLA CO,155875304860.0
2011-07-01,15,38703,21305,WFC,WELLS FARGO & CO NEW,151638468330.0
2011-07-01,16,90319,45483,GOOGL,ALPHABET INC,132252542316.59999
2011-07-01,17,70519,20483,C,CITIGROUP INC,124609280000.0
2011-07-01,18,59328,2367,INTC,INTEL CORP,119071050000.0
2011-07-01,19,14277,21576,SLB,SCHLUMBERGER LTD,118867943999.99998
2011-07-01,20,92602,52978,PM,PHILIP MORRIS INTERNATIONAL INC,118708800750.0
2011-07-01,21,59408,3151,BAC,BANK OF AMERICA CORP,112374559670.0
2011-07-01,22,13856,21384,PEP,PEPSICO INC,110946104259.99998
2011-07-01,23,22752,21188,MRK,MERCK & CO INC NEW,109882426000.0
2011-07-01,24,13928,21401,COP,CONOCOPHILLIPS,107256911160.0
2011-07-01,25,65875,20288,VZ,VERIZON COMMUNICATIONS INC,106939148399.99998
2011-07-01,26,77178,11253,QCOM,QUALCOMM INC,97064760000.0
2011-07-01,27,84788,15473,AMZN,AMAZON COM INC,95108464540.0
2011-07-01,28,43449,21177,MCD,MCDONALDS CORP,88868470050.00002
2011-07-01,29,76076,10486,CSCO,CISCO SYSTEMS INC,87232934100.0
2011-07-01,30,34833,21322,OXY,OCCIDENTAL PETROLEUM CORP,85774570000.0
2011-10-01,1,14593,7,AAPL,APPLE INC,348107173492.77
2011-10-01,2,11850,20678,XOM,EXXON MOBIL CORP,345939482250.0
2011-10-01,3,12490,20990,IBM,INTERNATIONAL BUSINESS MACHS COR,206956422677.22
2011-10-01,4,10107,8048,MSFT,MICROSOFT CORP,206297300000.0
2011-10-01,5,14541,20440,CVX,CHEVRON CORP NEW,180028112040.0
2011-10-01,6,55976,21880,WMT,WALMART INC,179087258520.0
2011-10-01,7,18163,21446,PG,PROCTER & GAMBLE CO,172684697040.00003
2011-10-01,8,22111,21018,JNJ,JOHNSON & JOHNSON,170121176320.0
2011-10-01,9,66093,21645,T,A T & T INC,166876160000.0
2011-10-01,10,12060,20792,GE,GENERAL ELECTRIC CO,155718950530.0
2011-10-01,11,11308,20468,KO,COCA COLA CO,150210600320.0
2011-10-01,12,10104,8045,ORCL,ORACLE CORP,140946179880.0
2011-10-01,13,21936,21394,PFE,PFIZER INC,135210860910.0
2011-10-01,14,90319,45483,GOOGL,ALPHABET INC,124084647255.87
2011-10-01,15,38703,21305,WFC,WELLS FARGO & CO NEW,122386714380.0
2011-10-01,16,47896,20436,JPM,JPMORGAN CHASE & CO,111707782500.0
2011-10-01,17,92602,52978,PM,PHILIP MORRIS INTERNATIONAL INC,108481501759.99998
2011-10-01,18,59328,2367,INTC,INTEL CORP,105533160000.0
2011-10-01,19,65875,20288,VZ,VERIZON COMMUNICATIONS INC,102878540000.00002
2011-10-01,20,22752,21188,MRK,MERCK & CO INC NEW,97260761290.0
2011-10-01,21,84788,15473,AMZN,AMAZON COM INC,96450900000.0
2011-10-01,22,13856,21384,PEP,PEPSICO INC,95415255450.0
2011-10-01,23,43449,21177,MCD,MCDONALDS CORP,88751307039.99998
2011-10-01,24,13928,21401,COP,CONOCOPHILLIPS,83740794750.0
2011-10-01,25,76076,10486,CSCO,CISCO SYSTEMS INC,81765567450.0
2011-10-01,26,77178,11253,QCOM,QUALCOMM INC,80099650000.0
2011-10-01,27,20482,20017,ABT,ABBOTT LABORATORIES,78062336550.0
2011-10-01,28,14277,21576,SLB,SCHLUMBERGER LTD,77885463240.0
2011-10-01,29,83443,540,BRK,BERKSHIRE HATHAWAY INC DEL,74750797240.00002
2011-10-01,30,70519,20483,C,CITIGROUP INC,67433801390.0
2012-01-01,1,11850,20678,XOM,EXXON MOBIL CORP,412215888000.0
2012-01-01,2,14593,7,AAPL,APPLE INC,383354372542.14
2012-01-01,3,10107,8048,MSFT,MICROSOFT CORP,224578985815.0
2012-01-01,4,14541,20440,CVX,CHEVRON CORP NEW,219800089080.0
2012-01-01,5,12490,20990,IBM,INTERNATIONAL BUSINESS MACHS COR,219576533400.0
2012-01-01,6,55976,21880,WMT,WALMART INC,206611970010.0
2012-01-01,7,12060,20792,GE,GENERAL ELECTRIC CO,193832964359.99997
2012-01-01,8,18163,21446,PG,PROCTER & GAMBLE CO,183870715600.0
2012-01-01,9,66093,21645,T,A T & T INC,180031880000.0
2012-01-01,10,22111,21018,JNJ,JOHNSON & JOHNSON,179908332119.99997
2012-01-01,11,90319,45483,GOOGL,ALPHABET INC,172924081363.72
2012-01-01,12,21936,21394,PFE,PFIZER INC,168882664989.99997
2012-01-01,13,11308,20468,KO,COCA COLA CO,159304212480.0
2012-01-01,14,38703,21305,WFC,WELLS FARGO & CO NEW,149926344180.0
2012-01-01,15,92602,52978,PM,PHILIP MORRIS INTERNATIONAL INC,136509415380.0
2012-01-01,16,47896,20436,JPM,JPMORGAN CHASE & CO,132915814679.99998
2012-01-01,17,10104,8045,ORCL,ORACLE CORP,129993274005.0
2012-01-01,18,59328,2367,INTC,INTEL CORP,122700000000.0
2012-01-01,19,22752,21188,MRK,MERCK & CO INC NEW,116735374300.0
2012-01-01,20,65875,20288,VZ,VERIZON COMMUNICATIONS INC,112479245429.99998
2012-01-01,21,13856,21384,PEP,PEPSICO INC,103810424000.00002
2012-01-01,22,43449,21177,MCD,MCDONALDS CORP,101134867120.0
2012-01-01,23,76076,10486,CSCO,CISCO SYSTEMS INC,100152346320.0
2012-01-01,24,13928,21401,COP,CONOCOPHILLIPS,98478401630.0
2012-01-01,25,14277,21576,SLB,SCHLUMBERGER LTD,94069611340.0
2012-01-01,26,77178,11253,QCOM,QUALCOMM INC,93240490000.0
2012-01-01,27,20482,20017,ABT,ABBOTT LABORATORIES,88358189120.0
2012-01-01,28,83443,540,BRK,BERKSHIRE HATHAWAY INC DEL,82901571920.0
2012-01-01,29,70519,20483,C,CITIGROUP INC,82828647640.0
2012-01-01,30,84788,15473,AMZN,AMAZON COM INC,81458650000.0
2012-04-01,1,14593,7,AAPL,APPLE INC,578407914660.0
2012-04-01,2,11850,20678,XOM,EXXON MOBIL CORP,410380152469.99994
2012-04-01,3,10107,8048,MSFT,MICROSOFT CORP,271236000000.0
2012-04-01,4,12490,20990,IBM,INTERNATIONAL BUSINESS MACHS COR,242704929140.0
2012-04-01,5,14541,20440,CVX,CHEVRON CORP NEW,214105526100.0
2012-04-01,6,12060,20792,GE,GENERAL ELECTRIC CO,211836765140.0
2012-04-01,7,55976,21880,WMT,WALMART INC,208902451680.0
2012-04-01,8,66093,21645,T,A T & T INC,186459250400.0
2012-04-01,9,18163,21446,PG,PROCTER & GAMBLE CO,186087196440.0
2012-04-01,10,38703,21305,WFC,WELLS FARGO & CO NEW,182131287380.0
2012-04-01,11,22111,21018,JNJ,JOHNSON & JOHNSON,181768299299.99997
2012-04-01,12,47896,20436,JPM,JPMORGAN CHASE & CO,176094816800.0
2012-04-01,13,21936,21394,PFE,PFIZER INC,170270566290.0
2012-04-01,14,11308,20468,KO,COCA COLA CO,167895516360.0
2012-04-01,15,90319,45483,GOOGL,ALPHABET INC,167877028649.96002
2012-04-01,16,92602,52978,PM,PHILIP MORRIS INTERNATIONAL INC,153901008739.99997
2012-04-01,17,10104,8045,ORCL,ORACLE CORP,146914880180.0
2012-04-01,18,59328,2367,INTC,INTEL CORP,142070280000.0
2012-04-01,19,22752,21188,MRK,MERCK & CO INC NEW,117224748080.0
2012-04-01,20,77178,11253,QCOM,QUALCOMM INC,116895519999.99998
2012-04-01,21,76076,10486,CSCO,CISCO SYSTEMS INC,114128026220.00002
2012-04-01,22,65875,20288,VZ,VERIZON COMMUNICATIONS INC,109224384480.0
2012-04-01,23,70519,20483,C,CITIGROUP INC,108055388309.99998
2012-04-01,24,13856,21384,PEP,PEPSICO INC,105948682160.0
2012-04-01,25,59408,3151,BAC,BANK OF AMERICA CORP,104268942800.0
2012-04-01,26,43449,21177,MCD,MCDONALDS CORP,100185168160.0
2012-04-01,27,13928,21401,COP,CONOCOPHILLIPS,97864350050.00002
2012-04-01,28,20482,20017,ABT,ABBOTT LABORATORIES,96291142680.0
2012-04-01,29,14277,21576,SLB,SCHLUMBERGER LTD,93211816320.00002
2012-04-01,30,84788,15473,AMZN,AMAZON COM INC,89122500000.0
2012-07-01,1,14593,7,AAPL,APPLE INC,555348869065.3201
2012-07-01,2,11850,20678,XOM,EXXON MOBIL CORP,399063921100.0
2012-07-01,3,10107,8048,MSFT,MICROSOFT CORP,256123360000.0
2012-07-01,4,55976,21880,WMT,WALMART INC,234648568350.0
2012-07-01,5,12490,20990,IBM,INTERNATIONAL BUSINESS MACHS COR,225886771720.00003
2012-07-01,6,12060,20792,GE,GENERAL ELECTRIC CO,217097942880.0
2012-07-01,7,66093,21645,T,A T & T INC,212240600000.00003
2012-07-01,8,14541,20440,CVX,CHEVRON CORP NEW,208827269640.0
2012-07-01,9,22111,21018,JNJ,JOHNSON & JOHNSON,186753296000.0
2012-07-01,10,38703,21305,WFC,WELLS FARGO & CO NEW,178281982450.0
2012-07-01,11,11308,20468,KO,COCA COLA CO,178039574000.0
2012-07-01,12,21936,21394,PFE,PFIZER INC,172189687320.0
2012-07-01,13,18163,21446,PG,PROCTER & GAMBLE CO,167667086140.0
2012-07-01,14,90319,45483,GOOGL,ALPHABET INC,151841656632.47998
2012-07-01,15,92602,52978,PM,PHILIP MORRIS INTERNATIONAL INC,151795107000.0
2012-07-01,16,10104,8045,ORCL,ORACLE CORP,145474266270.0
2012-07-01,17,47896,20436,JPM,JPMORGAN CHASE & CO,138105842480.00003
2012-07-01,18,59328,2367,INTC,INTEL CORP,133671645000.0
2012-07-01,19,65875,20288,VZ,VERIZON COMMUNICATIONS INC,127647612690.0
2012-07-01,20,22752,21188,MRK,MERCK & CO INC NEW,127289495250.0
2012-07-01,21,13856,21384,PEP,PEPSICO INC,110666163400.0
2012-07-01,22,84788,15473,AMZN,AMAZON COM INC,103652644520.0
2012-07-01,23,20482,20017,ABT,ABBOTT LABORATORIES,101688260330.0
2012-07-01,24,77178,11253,QCOM,QUALCOMM INC,95298480000.0
2012-07-01,25,76076,10486,CSCO,CISCO SYSTEMS INC,91495493320.0
2012-07-01,26,83443,540,BRK,BERKSHIRE HATHAWAY INC DEL,90372866850.00002
2012-07-01,27,43449,21177,MCD,MCDONALDS CORP,89510859600.0
2012-07-01,28,26403,20587,DIS,DISNEY WALT CO,87080422800.0
2012-07-01,29,59408,3151,BAC,BANK OF AMERICA CORP,86752362550.00002
2012-07-01,30,14277,21576,SLB,SCHLUMBERGER LTD,86600996759.99998
2012-10-01,1,14593,7,AAPL,APPLE INC,619304372512.08
2012-10-01,2,11850,20678,XOM,EXXON MOBIL CORP,423743200200.0
2012-10-01,3,55976,21880,WMT,WALMART INC,248914928200.0
2012-10-01,4,10107,8048,MSFT,MICROSOFT CORP,248364780000.0
2012-10-01,5,12060,20792,GE,GENERAL ELECTRIC CO,240847231640.0
2012-10-01,6,12490,20990,IBM,INTERNATIONAL BUSINESS MACHS COR,240519854250.0
2012-10-01,7,14541,20440,CVX,CHEVRON CORP NEW,230060915000.0
2012-10-01,8,66093,21645,T,A T & T INC,217779750000.0
2012-10-01,9,90319,45483,GOOGL,ALPHABET INC,201502244635.45
2012-10-01,10,18163,21446,PG,PROCTER & GAMBLE CO,191498304750.0
2012-10-01,11,22111,21018,JNJ,JOHNSON & JOHNSON,190594244329.99997
2012-10-01,12,21936,21394,PFE,PFIZER INC,186998531940.0
2012-10-01,13,38703,21305,WFC,WELLS FARGO & CO NEW,183291854200.00003
2012-10-01,14,11308,20468,KO,COCA COLA CO,172783843120.0
2012-10-01,15,47896,20436,JPM,JPMORGAN CHASE & CO,155634951380.0
2012-10-01,16,92602,52978,PM,PHILIP MORRIS INTERNATIONAL INC,152911842619.99997
2012-10-01,17,10104,8045,ORCL,ORACLE CORP,152619503520.0
2012-10-01,18,22752,21188,MRK,MERCK & CO INC NEW,137708250880.00003
2012-10-01,19,65875,20288,VZ,VERIZON COMMUNICATIONS INC,130507055370.0
2012-10-01,20,84788,15473,AMZN,AMAZON COM INC,114160525470.0
2012-10-01,21,59328,2367,INTC,INTEL CORP,113365410000.0
2012-10-01,22,13856,21384,PEP,PEPSICO INC,109950828750.00002
2012-10-01,23,20482,20017,ABT,ABBOTT LABORATORIES,108409592720.0
2012-10-01,24,77178,11253,QCOM,QUALCOMM INC,105618460000.0
2012-10-01,25,76076,10486,CSCO,CISCO SYSTEMS INC,100722780479.99998
2012-10-01,26,59408,3151,BAC,BANK OF AMERICA CORP,96561472000.00002
2012-10-01,27,83443,540,BRK,BERKSHIRE HATHAWAY INC DEL,96318539460.0
2012-10-01,28,14277,21576,SLB,SCHLUMBERGER LTD,96315692240.0
2012-10-01,29,70519,20483,C,CITIGROUP INC,96038818250.0
2012-10-01,30,26403,20587,DIS,DISNEY WALT CO,93427899250.0
2013-01-01,1,14593,7,AAPL,APPLE INC,515524374359.19
2013-01-01,2,11850,20678,XOM,EXXON MOBIL CORP,404459317530.0
2013-01-01,3,55976,21880,WMT,WALMART INC,231624279119.99997
2013-01-01,4,10107,8048,MSFT,MICROSOFT CORP,231289880000.0
2013-01-01,5,12060,20792,GE,GENERAL ELECTRIC CO,223777642000.0
2013-01-01,6,12490,20990,IBM,INTERNATIONAL BUSINESS MACHS COR,221862159499.32
2013-01-01,7,14541,20440,CVX,CHEVRON CORP NEW,216053210590.0
2013-01-01,8,66093,21645,T,A T & T INC,198800000000.0
2013-01-01,9,22111,21018,JNJ,JOHNSON & JOHNSON,196316200080.0
2013-01-01,10,90319,45483,GOOGL,ALPHABET INC,193431766000.0
2013-01-01,11,21936,21394,PFE,PFIZER INC,190764292340.0
2013-01-01,12,18163,21446,PG,PROCTER & GAMBLE CO,189728289090.0
2013-01-01,13,38703,21305,WFC,WELLS FARGO & CO NEW,184512768649.99997
2013-01-01,14,47896,20436,JPM,JPMORGAN CHASE & CO,169770613320.0
2013-01-01,15,11308,20468,KO,COCA COLA CO,168642091200.00003
2013-01-01,16,10104,8045,ORCL,ORACLE CORP,164232762929.99997
2013-01-01,17,92602,52978,PM,PHILIP MORRIS INTERNATIONAL INC,144903767220.0
2013-01-01,18,59408,3151,BAC,BANK OF AMERICA CORP,129660278339.99998
2013-01-01,19,65875,20288,VZ,VERIZON COMMUNICATIONS INC,126346580000.00002
2013-01-01,20,22752,21188,MRK,MERCK & CO INC NEW,125676576480.0
2013-01-01,21,70519,20483,C,CITIGROUP INC,120966491250.0
2013-01-01,22,84788,15473,AMZN,AMAZON COM INC,116818740000.0
2013-01-01,23,77178,11253,QCOM,QUALCOMM INC,111111000000.0
2013-01-01,24,76076,10486,CSCO,CISCO SYSTEMS INC,107990104320.0
2013-01-01,25,13856,21384,PEP,PEPSICO INC,107243387820.0
2013-01-01,26,59328,2367,INTC,INTEL CORP,105702720000.0
2013-01-01,27,83443,540,BRK,BERKSHIRE HATHAWAY INC DEL,102500707600.00002
2013-01-01,28,66181,5085,HD,HOME DEPOT INC,94913962920.0
2013-01-01,29,14277,21576,SLB,SCHLUMBERGER LTD,94788498000.00002
2013-01-01,30,26403,20587,DIS,DISNEY WALT CO,90555434200.0
2013-04-01,1,11850,20678,XOM,EXXON MOBIL CORP,406690446500.0
2013-04-01,2,14593,7,AAPL,APPLE INC,403215717540.0
2013-04-01,3,55976,21880,WMT,WALMART INC,248348975490.0
2013-04-01,4,12060,20792,GE,GENERAL ELECTRIC CO,239360948999.99997
2013-04-01,5,10107,8048,MSFT,MICROSOFT CORP,238864890000.0
2013-04-01,6,12490,20990,IBM,INTERNATIONAL BUSINESS MACHS COR,236699633799.99997
2013-04-01,7,14541,20440,CVX,CHEVRON CORP NEW,232366107780.0
2013-04-01,8,22111,21018,JNJ,JOHNSON & JOHNSON,229161159480.00003
2013-04-01,9,90319,45483,GOOGL,ALPHABET INC,216453496350.00003
2013-04-01,10,18163,21446,PG,PROCTER & GAMBLE CO,212249282700.00003
2013-04-01,11,21936,21394,PFE,PFIZER INC,207233972960.0
2013-04-01,12,66093,21645,T,A T & T INC,204562435250.0
2013-04-01,13,38703,21305,WFC,WELLS FARGO & CO NEW,194763280500.0
2013-04-01,14,47896,20436,JPM,JPMORGAN CHASE & CO,183067746609.99997
2013-04-01,15,11308,20468,KO,COCA COLA CO,180274243100.00003
2013-04-01,16,92602,52978,PM,PHILIP MORRIS INTERNATIONAL INC,152881863420.00003
2013-04-01,17,10104,8045,ORCL,ORACLE CORP,152272227100.0
2013-04-01,18,65875,20288,VZ,VERIZON COMMUNICATIONS INC,140684295500.0
2013-04-01,19,22752,21188,MRK,MERCK & CO INC NEW,134042020800.0
2013-04-01,20,70519,20483,C,CITIGROUP INC,133200728530.0
2013-04-01,21,59408,3151,BAC,BANK OF AMERICA CORP,131466341250.0
2013-04-01,22,13856,21384,PEP,PEPSICO INC,123515757399.99998
2013-04-01,23,84788,15473,AMZN,AMAZON COM INC,119032545449.99998
2013-04-01,24,83443,540,BRK,BERKSHIRE HATHAWAY INC DEL,116508461640.0
2013-04-01,25,77178,11253,QCOM,QUALCOMM INC,113916000000.0
2013-04-01,26,76076,10486,CSCO,CISCO SYSTEMS INC,111065018419.99998
2013-04-01,27,59328,2367,INTC,INTEL CORP,106035640000.0
2013-04-01,28,66181,5085,HD,HOME DEPOT INC,103495969390.0
2013-04-01,29,26403,20587,DIS,DISNEY WALT CO,102350166839.99998
2013-04-01,30,43449,21177,MCD,MCDONALDS CORP,99326547600.0
2013-07-01,1,11850,20678,XOM,EXXON MOBIL CORP,401507752800.0
2013-07-01,2,14593,7,AAPL,APPLE INC,371752635240.0
2013-07-01,3,10107,8048,MSFT,MICROSOFT CORP,286150080000.0
2013-07-01,4,55976,21880,WMT,WALMART INC,244407412020.0
2013-07-01,5,22111,21018,JNJ,JOHNSON & JOHNSON,243333880809.99997
2013-07-01,6,90319,45483,GOOGL,ALPHABET INC,243224071440.0
2013-07-01,7,12060,20792,GE,GENERAL ELECTRIC CO,241338400800.0
2013-07-01,8,14541,20440,CVX,CHEVRON CORP NEW,230837056320.0
2013-07-01,9,38703,21305,WFC,WELLS FARGO & CO NEW,219058566320.0
2013-07-01,10,18163,21446,PG,PROCTER & GAMBLE CO,213835109459.99997
2013-07-01,11,12490,20990,IBM,INTERNATIONAL BUSINESS MACHS COR,212090116320.0
2013-07-01,12,47896,20436,JPM,JPMORGAN CHASE & CO,198395193240.0
2013-07-01,13,21936,21394,PFE,PFIZER INC,197049734940.0
2013-07-01,14,66093,21645,T,A T & T INC,189913999999.99997
2013-07-01,15,11308,20468,KO,COCA COLA CO,180198927300.0
2013-07-01,16,70519,20483,C,CITIGROUP INC,146819201250.0
2013-07-01,17,65875,20288,VZ,VERIZON COMMUNICATIONS INC,144079960000.0
2013-07-01,18,92602,52978,PM,PHILIP MORRIS INTERNATIONAL INC,143155927710.0
2013-07-01,19,10104,8045,ORCL,ORACLE CORP,139891060000.0
2013-07-01,20,22752,21188,MRK,MERCK & CO INC NEW,139868427840.0
2013-07-01,21,59408,3151,BAC,BANK OF AMERICA CORP,139390274609.99997
2013-07-01,22,76076,10486,CSCO,CISCO SYSTEMS INC,130054416560.0
2013-07-01,23,84788,15473,AMZN,AMAZON COM INC,128919704570.0
2013-07-01,24,83443,540,BRK,BERKSHIRE HATHAWAY INC DEL,127557501120.0
2013-07-01,25,13856,21384,PEP,PEPSICO INC,126867968640.00002
2013-07-01,26,59328,2367,INTC,INTEL CORP,118976166000.0
2013-07-01,27,26403,20587,DIS,DISNEY WALT CO,115134158130.0
2013-07-01,28,66181,5085,HD,HOME DEPOT INC,112291388520.00002
2013-07-01,29,77178,11253,QCOM,QUALCOMM INC,104973120000.0
2013-07-01,30,43449,21177,MCD,MCDONALDS CORP,100074441179.99998
2013-10-01,1,14593,7,AAPL,APPLE INC,438779966487.87
2013-10-01,2,11850,20678,XOM,EXXON MOBIL CORP,378540352000.0
2013-10-01,3,10107,8048,MSFT,MICROSOFT CORP,280258680000.0
2013-10-01,4,22111,21018,JNJ,JOHNSON & JOHNSON,246496932780.0
2013-10-01,5,12060,20792,GE,GENERAL ELECTRIC CO,246141986770.0
2013-10-01,6,90319,45483,GOOGL,ALPHABET INC,245417162024.42996
2013-10-01,7,55976,21880,WMT,WALMART INC,239569007040.00003
2013-10-01,8,14541,20440,CVX,CHEVRON CORP NEW,234393151679.99997
2013-10-01,9,38703,21305,WFC,WELLS FARGO & CO NEW,220302855180.0
2013-10-01,10,18163,21446,PG,PROCTER & GAMBLE CO,208552736000.0
2013-10-01,11,12490,20990,IBM,INTERNATIONAL BUSINESS MACHS COR,204165497880.0
2013-10-01,12,47896,20436,JPM,JPMORGAN CHASE & CO,195587728080.0
2013-10-01,13,21936,21394,PFE,PFIZER INC,191260467000.0
2013-10-01,14,66093,21645,T,A T & T INC,180892660000.0
2013-10-01,15,11308,20468,KO,COCA COLA CO,168238194300.0
2013-10-01,16,10104,8045,ORCL,ORACLE CORP,152674876500.0
2013-10-01,17,59408,3151,BAC,BANK OF AMERICA CORP,149329465300.0
2013-10-01,18,70519,20483,C,CITIGROUP INC,147793863600.0
2013-10-01,19,84788,15473,AMZN,AMAZON COM INC,146995104580.0
2013-10-01,20,22752,21188,MRK,MERCK & CO INC NEW,142631566240.0
2013-10-01,21,92602,52978,PM,PHILIP MORRIS INTERNATIONAL INC,141412538760.00003
2013-10-01,22,65875,20288,VZ,VERIZON COMMUNICATIONS INC,134472786680.0
2013-10-01,23,83443,540,BRK,BERKSHIRE HATHAWAY INC DEL,132742308920.0
2013-10-01,24,76076,10486,CSCO,CISCO SYSTEMS INC,124602421999.99998
2013-10-01,25,13856,21384,PEP,PEPSICO INC,123099521479.99998
2013-10-01,26,14277,21576,SLB,SCHLUMBERGER LTD,117829446149.99998
2013-10-01,27,26403,20587,DIS,DISNEY WALT CO,115815034860.0
2013-10-01,28,77178,11253,QCOM,QUALCOMM INC,113720649999.99998
2013-10-01,29,59328,2367,INTC,INTEL CORP,113533589999.99998
2013-10-01,30,66181,5085,HD,HOME DEPOT INC,109238103180.0
2014-01-01,1,14593,7,AAPL,APPLE INC,493639209110.0
2014-01-01,2,11850,20678,XOM,EXXON MOBIL CORP,435759271500.0
2014-01-01,3,90319,45483,GOOGL,ALPHABET INC,310922243999.99994
2014-01-01,4,10107,8048,MSFT,MICROSOFT CORP,308428000000.0
2014-01-01,5,12060,20792,GE,GENERAL ELECTRIC CO,278227647500.0
2014-01-01,6,22111,21018,JNJ,JOHNSON & JOHNSON,256835501140.00003
2014-01-01,7,55976,21880,WMT,WALMART INC,255334768519.99997
2014-01-01,8,14541,20440,CVX,CHEVRON CORP NEW,238742696220.0
2014-01-01,9,38703,21305,WFC,WELLS FARGO & CO NEW,237147306980.00003
2014-01-01,10,18163,21446,PG,PROCTER & GAMBLE CO,218926324740.0
2014-01-01,11,47896,20436,JPM,JPMORGAN CHASE & CO,218822391690.0
2014-01-01,12,12490,20990,IBM,INTERNATIONAL BUSINESS MACHS COR,201458492620.0
2014-01-01,13,21936,21394,PFE,PFIZER INC,197413422660.0
2014-01-01,14,66093,21645,T,A T & T INC,184116600000.00003
2014-01-01,15,84788,15473,AMZN,AMAZON COM INC,182668230000.0
2014-01-01,16,11308,20468,KO,COCA COLA CO,179551429179.99997
2014-01-01,17,59408,3151,BAC,BANK OF AMERICA CORP,171724757400.0
2014-01-01,18,10104,8045,ORCL,ORACLE CORP,170181956560.0
2014-01-01,19,70519,20483,C,CITIGROUP INC,158534962270.0
2014-01-01,20,22752,21188,MRK,MERCK & CO INC NEW,144606266210.0
2014-01-01,21,65875,20288,VZ,VERIZON COMMUNICATIONS INC,140140000000.0
2014-01-01,22,92602,52978,PM,PHILIP MORRIS INTERNATIONAL INC,137818319320.0
2014-01-01,23,83443,540,BRK,BERKSHIRE HATHAWAY INC DEL,137459725000.0
2014-01-01,24,26403,20587,DIS,DISNEY WALT CO,134027745600.0
2014-01-01,25,59328,2367,INTC,INTEL CORP,128098930000.0
2014-01-01,26,13856,21384,PEP,PEPSICO INC,125908559999.99998
2014-01-01,27,77178,11253,QCOM,QUALCOMM INC,123690839999.99998
2014-01-01,28,76076,10486,CSCO,CISCO SYSTEMS INC,117625596000.0
2014-01-01,29,14277,21576,SLB,SCHLUMBERGER LTD,116971943100.0
2014-01-01,30,66181,5085,HD,HOME DEPOT INC,115502778539.99998
2014-04-01,1,14593,7,AAPL,APPLE INC,466764196484.9001
2014-04-01,2,11850,20678,XOM,EXXON MOBIL CORP,422314687470.0
2014-04-01,3,10107,8048,MSFT,MICROSOFT CORP,342129200000.0
2014-04-01,4,90319,45483,GOOGL,ALPHABET INC,319536226545.57
2014-04-01,5,22111,21018,JNJ,JOHNSON & JOHNSON,277006052560.0
2014-04-01,6,38703,21305,WFC,WELLS FARGO & CO NEW,261375118200.00003
2014-04-01,7,12060,20792,GE,GENERAL ELECTRIC CO,259346775870.0
2014-04-01,8,55976,21880,WMT,WALMART INC,247903764750.0
2014-04-01,9,47896,20436,JPM,JPMORGAN CHASE & CO,229746672750.0
2014-04-01,10,14541,20440,CVX,CHEVRON CORP NEW,227186470000.0
2014-04-01,11,18163,21446,PG,PROCTER & GAMBLE CO,217834518720.0
2014-04-01,12,21936,21394,PFE,PFIZER INC,203934453750.0
2014-04-01,13,12490,20990,IBM,INTERNATIONAL BUSINESS MACHS COR,202540824500.0
2014-04-01,14,65875,20288,VZ,VERIZON COMMUNICATIONS INC,197685000000.0
2014-04-01,15,10104,8045,ORCL,ORACLE CORP,184999180140.00003
2014-04-01,16,66093,21645,T,A T & T INC,182708331410.00003
2014-04-01,17,59408,3151,BAC,BANK OF AMERICA CORP,182560427220.0
2014-04-01,18,11308,20468,KO,COCA COLA CO,169230350130.0
2014-04-01,19,22752,21188,MRK,MERCK & CO INC NEW,165762862140.0
2014-04-01,20,84788,15473,AMZN,AMAZON COM INC,157775395399.99997
2014-04-01,21,83443,540,BRK,BERKSHIRE HATHAWAY INC DEL,147266862960.0
2014-04-01,22,70519,20483,C,CITIGROUP INC,145235089799.99997
2014-04-01,23,26403,20587,DIS,DISNEY WALT CO,142915452630.0
2014-04-01,24,77178,11253,QCOM,QUALCOMM INC,135048600000.0
2014-04-01,25,92602,52978,PM,PHILIP MORRIS INTERNATIONAL INC,129925259469.99998
2014-04-01,26,59328,2367,INTC,INTEL CORP,129222279999.99998
2014-04-01,27,14277,21576,SLB,SCHLUMBERGER LTD,127978862399.99998
2014-04-01,28,13856,21384,PEP,PEPSICO INC,127315448960.0
2014-04-01,29,13407,54084,META,META PLATFORMS INC,124676420000.0
2014-04-01,30,76076,10486,CSCO,CISCO SYSTEMS INC,118994591100.00002
2014-07-01,1,14593,7,AAPL,APPLE INC,560107271920.0
2014-07-01,2,11850,20678,XOM,EXXON MOBIL CORP,435277850000.0
2014-07-01,3,10107,8048,MSFT,MICROSOFT CORP,344966930000.0
2014-07-01,4,22111,21018,JNJ,JOHNSON & JOHNSON,299516817000.0
2014-07-01,5,38703,21305,WFC,WELLS FARGO & CO NEW,277679930400.0
2014-07-01,6,12060,20792,GE,GENERAL ELECTRIC CO,264732996000.0
2014-07-01,7,14541,20440,CVX,CHEVRON CORP NEW,248502451963.5
2014-07-01,8,55976,21880,WMT,WALMART INC,242672984400.0
2014-07-01,9,47896,20436,JPM,JPMORGAN CHASE & CO,217885927410.0
2014-07-01,10,18163,21446,PG,PROCTER & GAMBLE CO,214528508800.0
2014-07-01,11,65875,20288,VZ,VERIZON COMMUNICATIONS INC,204448526130.0
2014-07-01,12,14542,45483,GOOG,ALPHABET INC,195679224723.36002
2014-07-01,13,21936,21394,PFE,PFIZER INC,191639379200.0
2014-07-01,14,12490,20990,IBM,INTERNATIONAL BUSINESS MACHS COR,188620312171.83
2014-07-01,15,11308,20468,KO,COCA COLA CO,185872289070.0
2014-07-01,16,66093,21645,T,A T & T INC,184159259320.0
2014-07-01,17,10104,8045,ORCL,ORACLE CORP,181625824530.0
2014-07-01,18,22752,21188,MRK,MERCK & CO INC NEW,170988219760.0
2014-07-01,19,59408,3151,BAC,BANK OF AMERICA CORP,164044296000.0
2014-07-01,20,84788,15473,AMZN,AMAZON COM INC,153564184620.0
2014-07-01,21,59328,2367,INTC,INTEL CORP,153289040000.0
2014-07-01,22,14277,21576,SLB,SCHLUMBERGER LTD,153269228250.0
2014-07-01,23,83443,540,BRK,BERKSHIRE HATHAWAY INC DEL,150379866400.0
2014-07-01,24,26403,20587,DIS,DISNEY WALT CO,149752550680.0
2014-07-01,25,70519,20483,C,CITIGROUP INC,144173276100.0
2014-07-01,26,13407,54084,META,META PLATFORMS INC,137004780000.0
2014-07-01,27,13856,21384,PEP,PEPSICO INC,135125714759.99998
2014-07-01,28,77178,11253,QCOM,QUALCOMM INC,133786940000.0
2014-07-01,29,92602,52978,PM,PHILIP MORRIS INTERNATIONAL INC,132451972169.99998
2014-07-01,30,77274,11300,GILD,GILEAD SCIENCES INC,130156207470.00002
2014-10-01,1,14593,7,AAPL,APPLE INC,581805847980.0
2014-10-01,2,11850,20678,XOM,EXXON MOBIL CORP,396019299120.0
2014-10-01,3,10107,8048,MSFT,MICROSOFT CORP,378905601599.99994
2014-10-01,4,22111,21018,JNJ,JOHNSON & JOHNSON,294155934099.99994
2014-10-01,5,38703,21305,WFC,WELLS FARGO & CO NEW,267598062820.0
2014-10-01,6,12060,20792,GE,GENERAL ELECTRIC CO,252453024640.00003
2014-10-01,7,55976,21880,WMT,WALMART INC,245297689560.0
2014-10-01,8,18163,21446,PG,PROCTER & GAMBLE CO,225058649760.0
2014-10-01,9,47896,20436,JPM,JPMORGAN CHASE & CO,224811765370.0
2014-10-01,10,14541,20440,CVX,CHEVRON CORP NEW,223409349800.0
2014-10-01,11,65875,20288,VZ,VERIZON COMMUNICATIONS INC,204898817760.0
2014-10-01,12,14542,45483,GOOG,ALPHABET INC,192803788925.64
2014-10-01,13,11308,20468,KO,COCA COLA CO,187454391760.00003
2014-10-01,14,12490,20990,IBM,INTERNATIONAL BUSINESS MACHS COR,186719294640.0
2014-10-01,15,21936,21394,PFE,PFIZER INC,184836156450.0
2014-10-01,16,66093,21645,T,A T & T INC,181302560000.0
2014-10-01,17,59408,3151,BAC,BANK OF AMERICA CORP,176876815660.0
2014-10-01,18,22752,21188,MRK,MERCK & CO INC NEW,169356744720.0
2014-10-01,19,10104,8045,ORCL,ORACLE CORP,168788369360.0
2014-10-01,20,83443,540,BRK,BERKSHIRE HATHAWAY INC DEL,165328643700.00003
2014-10-01,21,59328,2367,INTC,INTEL CORP,165089430000.0
2014-10-01,22,77274,11300,GILD,GILEAD SCIENCES INC,159820284870.0
2014-10-01,23,13407,54084,META,META PLATFORMS INC,156468200000.0
2014-10-01,24,70519,20483,C,CITIGROUP INC,154923600300.0
2014-10-01,25,26403,20587,DIS,DISNEY WALT CO,150180522049.99997
2014-10-01,26,84788,15473,AMZN,AMAZON COM INC,146983975370.0
2014-10-01,27,13856,21384,PEP,PEPSICO INC,139604000850.0
2014-10-01,28,92602,52978,PM,PHILIP MORRIS INTERNATIONAL INC,130391074570.0
2014-10-01,29,14277,21576,SLB,SCHLUMBERGER LTD,128152698600.0
2014-10-01,30,76076,10486,CSCO,CISCO SYSTEMS INC,127633051090.0
2015-01-01,1,14593,7,AAPL,APPLE INC,637002389270.0
2015-01-01,2,11850,20678,XOM,EXXON MOBIL CORP,393091327070.0
2015-01-01,3,10107,8048,MSFT,MICROSOFT CORP,384273680000.0
2015-01-01,4,22111,21018,JNJ,JOHNSON & JOHNSON,292562977200.0
2015-01-01,5,38703,21305,WFC,WELLS FARGO & CO NEW,283763032800.0
2015-01-01,6,55976,21880,WMT,WALMART INC,276872021000.0
2015-01-01,7,12060,20792,GE,GENERAL ELECTRIC CO,251657331519.99997
2015-01-01,8,18163,21446,PG,PROCTER & GAMBLE CO,244379642359.99997
2015-01-01,9,47896,20436,JPM,JPMORGAN CHASE & CO,233599430610.0
2015-01-01,10,14541,20440,CVX,CHEVRON CORP NEW,212823933920.0
2015-01-01,11,21936,21394,PFE,PFIZER INC,197399583810.0
2015-01-01,12,65875,20288,VZ,VERIZON COMMUNICATIONS INC,194871039040.0
2015-01-01,13,10104,8045,ORCL,ORACLE CORP,194669299109.99997
2015-01-01,14,59408,3151,BAC,BANK OF AMERICA CORP,188244454999.99997
2015-01-01,15,11308,20468,KO,COCA COLA CO,184577961820.0
2015-01-01,16,83443,540,BRK,BERKSHIRE HATHAWAY INC DEL,181380725609.99997
2015-01-01,17,14542,45483,GOOG,ALPHABET INC,178644799189.99997
2015-01-01,18,66093,21645,T,A T & T INC,175683690000.0
2015-01-01,19,13407,54084,META,META PLATFORMS INC,174237450000.0
2015-01-01,20,59328,2367,INTC,INTEL CORP,172637280000.0
2015-01-01,21,70519,20483,C,CITIGROUP INC,164380018880.0
2015-01-01,22,22752,21188,MRK,MERCK & CO INC NEW,163041426870.0
2015-01-01,23,12490,20990,IBM,INTERNATIONAL BUSINESS MACHS COR,160384299600.0
2015-01-01,24,26403,20587,DIS,DISNEY WALT CO,158972906250.0
2015-01-01,25,84788,15473,AMZN,AMAZON COM INC,143271747036.16
2015-01-01,26,77274,11300,GILD,GILEAD SCIENCES INC,142270090000.0
2015-01-01,27,13856,21384,PEP,PEPSICO INC,141339470640.0
2015-01-01,28,76076,10486,CSCO,CISCO SYSTEMS INC,141186164680.0
2015-01-01,29,66181,5085,HD,HOME DEPOT INC,136302846610.00002
2015-01-01,30,92611,52983,V,VISA INC,130785509925.07
2015-04-01,1,14593,7,AAPL,APPLE INC,723724939000.0
2015-04-01,2,11850,20678,XOM,EXXON MOBIL CORP,354283517400.0
2015-04-01,3,10107,8048,MSFT,MICROSOFT CORP,330361360000.0
2015-04-01,4,38703,21305,WFC,WELLS FARGO & CO NEW,277552854900.0
2015-04-01,5,22111,21018,JNJ,JOHNSON & JOHNSON,275692524000.0
2015-04-01,6,55976,21880,WMT,WALMART INC,260143664899.99997
2015-04-01,7,12060,20792,GE,GENERAL ELECTRIC CO,250076600640.0
2015-04-01,8,47896,20436,JPM,JPMORGAN CHASE & CO,223512364350.00003
2015-04-01,9,18163,21446,PG,PROCTER & GAMBLE CO,222305983200.0
2015-04-01,10,21936,21394,PFE,PFIZER INC,210797666220.0
2015-04-01,11,65875,20288,VZ,VERIZON COMMUNICATIONS INC,203282559360.0
2015-04-01,12,14541,20440,CVX,CHEVRON CORP NEW,197024062200.00003
2015-04-01,13,10104,8045,ORCL,ORACLE CORP,187521985799.99997
2015-04-01,14,14542,45483,GOOG,ALPHABET INC,185366709119.99997
2015-04-01,15,13407,54084,META,META PLATFORMS INC,183486881960.0
2015-04-01,16,26403,20587,DIS,DISNEY WALT CO,179201922720.0
2015-04-01,17,11308,20468,KO,COCA COLA CO,177710295240.0
2015-04-01,18,83443,540,BRK,BERKSHIRE HATHAWAY INC DEL,176023048049.99997
2015-04-01,19,84788,15473,AMZN,AMAZON COM INC,172538830000.0
2015-04-01,20,66093,21645,T,A T & T INC,170704625520.0
2015-04-01,21,59408,3151,BAC,BANK OF AMERICA CORP,162119302360.0
2015-04-01,22,22752,21188,MRK,MERCK & CO INC NEW,161379653980.0
2015-04-01,23,12490,20990,IBM,INTERNATIONAL BUSINESS MACHS COR,157337322435.75998
2015-04-01,24,70519,20483,C,CITIGROUP INC,156663293079.99997
2015-04-01,25,66181,5085,HD,HOME DEPOT INC,147905483220.0
2015-04-01,26,59328,2367,INTC,INTEL CORP,146101020000.0
2015-04-01,27,77274,11300,GILD,GILEAD SCIENCES INC,144332440000.0
2015-04-01,28,13856,21384,PEP,PEPSICO INC,140957232040.0
2015-04-01,29,76076,10486,CSCO,CISCO SYSTEMS INC,139104137750.0
2015-04-01,30,92611,52983,V,VISA INC,128003612640.00002
2015-07-01,1,14593,7,AAPL,APPLE INC,722303640000.0
2015-07-01,2,10107,8048,MSFT,MICROSOFT CORP,356760015000.0
2015-07-01,3,11850,20678,XOM,EXXON MOBIL CORP,344397865960.00006
2015-07-01,4,38703,21305,WFC,WELLS FARGO & CO NEW,293041256550.0
2015-07-01,5,22111,21018,JNJ,JOHNSON & JOHNSON,273061741149.99997
2015-07-01,6,12060,20792,GE,GENERAL ELECTRIC CO,268624267140.0
2015-07-01,7,47896,20436,JPM,JPMORGAN CHASE & CO,252613692089.99997
2015-07-01,8,55976,21880,WMT,WALMART INC,231493062119.99997
2015-07-01,9,18163,21446,PG,PROCTER & GAMBLE CO,216280041120.0
2015-07-01,10,21936,21394,PFE,PFIZER INC,207451902299.99997
2015-07-01,11,84788,15473,AMZN,AMAZON COM INC,204698524680.0
2015-07-01,12,26403,20587,DIS,DISNEY WALT CO,195348093930.0
2015-07-01,13,13407,54084,META,META PLATFORMS INC,195199860000.0
2015-07-01,14,65875,20288,VZ,VERIZON COMMUNICATIONS INC,191688889000.0
2015-07-01,15,66093,21645,T,A T & T INC,184715010000.0
2015-07-01,16,59408,3151,BAC,BANK OF AMERICA CORP,180846162000.0
2015-07-01,17,14541,20440,CVX,CHEVRON CORP NEW,180695131020.0
2015-07-01,18,14542,45483,GOOG,ALPHABET INC,179464961037.24
2015-07-01,19,10104,8045,ORCL,ORACLE CORP,174483738480.00003
2015-07-01,20,11308,20468,KO,COCA COLA CO,172168689500.0
2015-07-01,21,77274,11300,GILD,GILEAD SCIENCES INC,170882730000.0
2015-07-01,22,70519,20483,C,CITIGROUP INC,168940915200.0
2015-07-01,23,83443,540,BRK,BERKSHIRE HATHAWAY INC DEL,168799199040.00003
2015-07-01,24,22752,21188,MRK,MERCK & CO INC NEW,162732787200.00003
2015-07-01,25,12490,20990,IBM,INTERNATIONAL BUSINESS MACHS COR,161978905507.34003
2015-07-01,26,66181,5085,HD,HOME DEPOT INC,145576240320.0
2015-07-01,27,59328,2367,INTC,INTEL CORP,143445540000.0
2015-07-01,28,13856,21384,PEP,PEPSICO INC,139516340519.99997
2015-07-01,29,76076,10486,CSCO,CISCO SYSTEMS INC,139099064150.0
2015-07-01,30,92611,52983,V,VISA INC,132811693350.0
2015-10-01,1,14593,7,AAPL,APPLE INC,624904276760.0
2015-10-01,2,10107,8048,MSFT,MICROSOFT CORP,356255460000.0
2015-10-01,3,11850,20678,XOM,EXXON MOBIL CORP,308789392940.0
2015-10-01,4,38703,21305,WFC,WELLS FARGO & CO NEW,264059986959.99997
2015-10-01,5,22111,21018,JNJ,JOHNSON & JOHNSON,257997606020.0
2015-10-01,6,12060,20792,GE,GENERAL ELECTRIC CO,254329046510.00003
2015-10-01,7,84788,15473,AMZN,AMAZON COM INC,244217665930.0
2015-10-01,8,47896,20436,JPM,JPMORGAN CHASE & CO,227135275140.00003
2015-10-01,9,14542,45483,GOOG,ALPHABET INC,211193963900.22
2015-10-01,10,55976,21880,WMT,WALMART INC,206045892339.99997
2015-10-01,11,13407,54084,META,META PLATFORMS INC,205456050000.0
2015-10-01,12,66093,21645,T,A T & T INC,200092030000.0
2015-10-01,13,21936,21394,PFE,PFIZER INC,196368360320.0
2015-10-01,14,18163,21446,PG,PROCTER & GAMBLE CO,195210854700.00003
2015-10-01,15,65875,20288,VZ,VERIZON COMMUNICATIONS INC,174662085360.0
2015-10-01,16,26403,20587,DIS,DISNEY WALT CO,173292380860.0
2015-10-01,17,11308,20468,KO,COCA COLA CO,173130159200.0
2015-10-01,18,59408,3151,BAC,BANK OF AMERICA CORP,162317431000.0
2015-10-01,19,83443,540,BRK,BERKSHIRE HATHAWAY INC DEL,162007896079.99997
2015-10-01,20,10104,8045,ORCL,ORACLE CORP,154550118720.0
2015-10-01,21,66181,5085,HD,HOME DEPOT INC,150278574090.0
2015-10-01,22,70519,20483,C,CITIGROUP INC,150161167050.0
2015-10-01,23,14541,20440,CVX,CHEVRON CORP NEW,147316646520.0
2015-10-01,24,77274,11300,GILD,GILEAD SCIENCES INC,142393230000.0
2015-10-01,25,59328,2367,INTC,INTEL CORP,141900000000.0
2015-10-01,26,12490,20990,IBM,INTERNATIONAL BUSINESS MACHS COR,140650712700.00003
2015-10-01,27,22752,21188,MRK,MERCK & CO INC NEW,139057269950.0
2015-10-01,28,13856,21384,PEP,PEPSICO INC,136725466350.0
2015-10-01,29,92611,52983,V,VISA INC,136577576130.0
2015-10-01,30,76076,10486,CSCO,CISCO SYSTEMS INC,130227068890.0
2016-01-01,1,14593,7,AAPL,APPLE INC,584111705449.9999
2016-01-01,2,10107,8048,MSFT,MICROSOFT CORP,434290000000.0
2016-01-01,3,11850,20678,XOM,EXXON MOBIL CORP,322461254940.0
2016-01-01,4,12060,20792,GE,GENERAL ELECTRIC CO,310454729690.0
2016-01-01,5,84788,15473,AMZN,AMAZON COM INC,300022285290.0
2016-01-01,6,22111,21018,JNJ,JOHNSON & JOHNSON,278022533120.0
2016-01-01,7,38703,21305,WFC,WELLS FARGO & CO NEW,270254385829.99997
2016-01-01,8,14542,45483,GOOG,ALPHABET INC,255753801382.68
2016-01-01,9,13407,54084,META,META PLATFORMS INC,234588766800.0
2016-01-01,10,47896,20436,JPM,JPMORGAN CHASE & CO,234193490600.0
2016-01-01,11,18163,21446,PG,PROCTER & GAMBLE CO,213211306010.00003
2016-01-01,12,66093,21645,T,A T & T INC,211321200000.0
2016-01-01,13,21936,21394,PFE,PFIZER INC,197243420850.0
2016-01-01,14,55976,21880,WMT,WALMART INC,196788343780.0
2016-01-01,15,65875,20288,VZ,VERIZON COMMUNICATIONS INC,186639204510.0
2016-01-01,16,11308,20468,KO,COCA COLA CO,184396964000.0
2016-01-01,17,59408,3151,BAC,BANK OF AMERICA CORP,171077046400.0
2016-01-01,18,26403,20587,DIS,DISNEY WALT CO,170244270440.0
2016-01-01,19,14541,20440,CVX,CHEVRON CORP NEW,167218987450.0
2016-01-01,20,66181,5085,HD,HOME DEPOT INC,166181175348.81
2016-01-01,21,83443,540,BRK,BERKSHIRE HATHAWAY INC DEL,163222939250.0
2016-01-01,22,59328,2367,INTC,INTEL CORP,160602750000.0
2016-01-01,23,70519,20483,C,CITIGROUP INC,152315758700.00003
2016-01-01,24,10104,8045,ORCL,ORACLE CORP,150193615000.0
2016-01-01,25,22752,21188,MRK,MERCK & CO INC NEW,146605136640.0
2016-01-01,26,92611,52983,V,VISA INC,146530294700.00003
2016-01-01,27,13856,21384,PEP,PEPSICO INC,143893173269.99997
2016-01-01,28,77274,11300,GILD,GILEAD SCIENCES INC,139370220000.0
2016-01-01,29,89525,43613,CMCSA,COMCAST CORP NEW,135369560560.0
2016-01-01,30,92602,52978,PM,PHILIP MORRIS INTERNATIONAL INC,134788752000.0
2016-04-01,1,14593,7,AAPL,APPLE INC,602574275540.0
2016-04-01,2,10107,8048,MSFT,MICROSOFT CORP,437335900000.0
2016-04-01,3,11850,20678,XOM,EXXON MOBIL CORP,344512720719.99994
2016-04-01,4,22111,21018,JNJ,JOHNSON & JOHNSON,301183581360.0
2016-04-01,5,12060,20792,GE,GENERAL ELECTRIC CO,296474232830.0
2016-04-01,6,84788,15473,AMZN,AMAZON COM INC,282492000000.0
2016-04-01,7,13407,54084,META,META PLATFORMS INC,268220811180.0
2016-04-01,8,14542,45483,GOOG,ALPHABET INC,257731308219.51
2016-04-01,9,38703,21305,WFC,WELLS FARGO & CO NEW,245023568700.00003
2016-04-01,10,66093,21645,T,A T & T INC,240204711450.0
2016-04-01,11,18163,21446,PG,PROCTER & GAMBLE CO,225912397980.0
2016-04-01,12,65875,20288,VZ,VERIZON COMMUNICATIONS INC,220360800000.0
2016-04-01,13,47896,20436,JPM,JPMORGAN CHASE & CO,219738765549.99997
2016-04-01,14,55976,21880,WMT,WALMART INC,217147775100.0
2016-04-01,15,11308,20468,KO,COCA COLA CO,202715362500.0
2016-04-01,16,21936,21394,PFE,PFIZER INC,186004045160.0
2016-04-01,17,83443,540,BRK,BERKSHIRE HATHAWAY INC DEL,180369156926.06998
2016-04-01,18,14541,20440,CVX,CHEVRON CORP NEW,177506284560.0
2016-04-01,19,10104,8045,ORCL,ORACLE CORP,170808443399.99997
2016-04-01,20,66181,5085,HD,HOME DEPOT INC,168960454879.50998
2016-04-01,21,26403,20587,DIS,DISNEY WALT CO,161639639899.99997
2016-04-01,22,92602,52978,PM,PHILIP MORRIS INTERNATIONAL INC,154736688750.0
2016-04-01,23,59328,2367,INTC,INTEL CORP,153034200000.0
2016-04-01,24,13856,21384,PEP,PEPSICO INC,151652364860.0
2016-04-01,25,89525,43613,CMCSA,COMCAST CORP NEW,149586254370.0
2016-04-01,26,22752,21188,MRK,MERCK & CO INC NEW,149031408300.0
2016-04-01,27,92611,52983,V,VISA INC,148905374290.0
2016-04-01,28,12490,20990,IBM,INTERNATIONAL BUSINESS MACHS COR,146553570120.0
2016-04-01,29,76076,10486,CSCO,CISCO SYSTEMS INC,144371551490.0
2016-04-01,30,59408,3151,BAC,BANK OF AMERICA CORP,140016153000.0
2016-07-01,1,14593,7,AAPL,APPLE INC,517150591850.0
2016-07-01,2,10107,8048,MSFT,MICROSOFT CORP,399457280000.0
2016-07-01,3,11850,20678,XOM,EXXON MOBIL CORP,389117976240.0
2016-07-01,4,84788,15473,AMZN,AMAZON COM INC,343972315260.0
2016-07-01,5,22111,21018,JNJ,JOHNSON & JOHNSON,333625610760.0
2016-07-01,6,12060,20792,GE,GENERAL ELECTRIC CO,289571238930.0
2016-07-01,7,66093,21645,T,A T & T INC,267621403140.0
2016-07-01,8,13407,54084,META,META PLATFORMS INC,264464040000.0
2016-07-01,9,14542,45483,GOOG,ALPHABET INC,239948601773.42
2016-07-01,10,38703,21305,WFC,WELLS FARGO & CO NEW,238773567440.0
2016-07-01,11,65875,20288,VZ,VERIZON COMMUNICATIONS INC,229193480000.0
2016-07-01,12,55976,21880,WMT,WALMART INC,226923068070.0
2016-07-01,13,18163,21446,PG,PROCTER & GAMBLE CO,225671812560.0
2016-07-01,14,47896,20436,JPM,JPMORGAN CHASE & CO,224006930340.0
2016-07-01,15,21936,21394,PFE,PFIZER INC,215726678930.0
2016-07-01,16,14541,20440,CVX,CHEVRON CORP NEW,196291713300.0
2016-07-01,17,11308,20468,KO,COCA COLA CO,195198098880.0
2016-07-01,18,83443,540,BRK,BERKSHIRE HATHAWAY INC DEL,180756044595.99
2016-07-01,19,10104,8045,ORCL,ORACLE CORP,168454747800.0
2016-07-01,20,66181,5085,HD,HOME DEPOT INC,161248187340.0
2016-07-01,21,22752,21188,MRK,MERCK & CO INC NEW,160379368500.0
2016-07-01,22,26403,20587,DIS,DISNEY WALT CO,159047891230.0
2016-07-01,23,92602,52978,PM,PHILIP MORRIS INTERNATIONAL INC,157112017920.0
2016-07-01,24,89525,43613,CMCSA,COMCAST CORP NEW,156827431680.0
2016-07-01,25,59328,2367,INTC,INTEL CORP,154842000000.0
2016-07-01,26,13856,21384,PEP,PEPSICO INC,152573767709.99997
2016-07-01,27,12490,20990,IBM,INTERNATIONAL BUSINESS MACHS COR,146250220299.62
2016-07-01,28,76076,10486,CSCO,CISCO SYSTEMS INC,144855705600.0
2016-07-01,29,92611,52983,V,VISA INC,141868833680.0
2016-07-01,30,13901,21398,MO,ALTRIA GROUP INC,135032453500.0
2016-10-01,1,14593,7,AAPL,APPLE INC,606307606360.0
2016-10-01,2,10107,8048,MSFT,MICROSOFT CORP,446712498540.0
2016-10-01,3,84788,15473,AMZN,AMAZON COM INC,397451495250.0
2016-10-01,4,11850,20678,XOM,EXXON MOBIL CORP,360965882500.0
2016-10-01,5,22111,21018,JNJ,JOHNSON & JOHNSON,325049546370.0
2016-10-01,6,13407,54084,META,META PLATFORMS INC,300162870000.0
2016-10-01,7,14542,45483,GOOG,ALPHABET INC,266561012159.99997
2016-10-01,8,12060,20792,GE,GENERAL ELECTRIC CO,265610946120.0
2016-10-01,9,66093,21645,T,A T & T INC,250817040000.00003
2016-10-01,10,47896,20436,JPM,JPMORGAN CHASE & CO,240232922820.00003
2016-10-01,11,18163,21446,PG,PROCTER & GAMBLE CO,236667762760.0
2016-10-01,12,55976,21880,WMT,WALMART INC,222745508580.0
2016-10-01,13,38703,21305,WFC,WELLS FARGO & CO NEW,221146325010.0
2016-10-01,14,65875,20288,VZ,VERIZON COMMUNICATIONS INC,211478547760.00003
2016-10-01,15,21936,21394,PFE,PFIZER INC,204291159359.99997
2016-10-01,16,14541,20440,CVX,CHEVRON CORP NEW,193273974000.0
2016-10-01,17,83443,540,BRK,BERKSHIRE HATHAWAY INC DEL,184363992855.56998
2016-10-01,18,11308,20468,KO,COCA COLA CO,181402698870.0
2016-10-01,19,59328,2367,INTC,INTEL CORP,178470739999.99997
2016-10-01,20,22752,21188,MRK,MERCK & CO INC NEW,172880804160.0
2016-10-01,21,10104,8045,ORCL,ORACLE CORP,160079098550.0
2016-10-01,22,59408,3151,BAC,BANK OF AMERICA CORP,159501008370.0
2016-10-01,23,66181,5085,HD,HOME DEPOT INC,158771259000.0
2016-10-01,24,76076,10486,CSCO,CISCO SYSTEMS INC,157952151000.0
2016-10-01,25,89525,43613,CMCSA,COMCAST CORP NEW,157756451720.0
2016-10-01,26,92611,52983,V,VISA INC,156309921240.0
2016-10-01,27,13856,21384,PEP,PEPSICO INC,155250309750.0
2016-10-01,28,92602,52978,PM,PHILIP MORRIS INTERNATIONAL INC,151130276340.0
2016-10-01,29,12490,20990,IBM,INTERNATIONAL BUSINESS MACHS COR,150650572840.0
2016-10-01,30,26403,20587,DIS,DISNEY WALT CO,148640771489.99997
2017-01-01,1,14593,7,AAPL,APPLE INC,610695328400.0
2017-01-01,2,10107,8048,MSFT,MICROSOFT CORP,483743400000.0
2017-01-01,3,11850,20678,XOM,EXXON MOBIL CORP,376892926770.0
2017-01-01,4,84788,15473,AMZN,AMAZON COM INC,359500580460.0
2017-01-01,5,22111,21018,JNJ,JOHNSON & JOHNSON,315146426880.0
2017-01-01,6,47896,20436,JPM,JPMORGAN CHASE & CO,312131968720.0
2017-01-01,7,38703,21305,WFC,WELLS FARGO & CO NEW,281248968000.0
2017-01-01,8,12060,20792,GE,GENERAL ELECTRIC CO,280342099100.0
2017-01-01,9,13407,54084,META,META PLATFORMS INC,275088440000.0
2017-01-01,10,14542,45483,GOOG,ALPHABET INC,272683668428.64
2017-01-01,11,66093,21645,T,A T & T INC,264185820000.00003
2017-01-01,12,59408,3151,BAC,BANK OF AMERICA CORP,227666708910.00003
2017-01-01,13,18163,21446,PG,PROCTER & GAMBLE CO,225318610600.0
2017-01-01,14,65875,20288,VZ,VERIZON COMMUNICATIONS INC,222502683720.0
2017-01-01,15,14541,20440,CVX,CHEVRON CORP NEW,222473576649.99997
2017-01-01,16,83443,540,BRK,BERKSHIRE HATHAWAY INC DEL,211185880650.0
2017-01-01,17,55976,21880,WMT,WALMART INC,211005225399.99997
2017-01-01,18,21936,21394,PFE,PFIZER INC,200255715000.0
2017-01-01,19,11308,20468,KO,COCA COLA CO,180281686200.0
2017-01-01,20,59328,2367,INTC,INTEL CORP,173118000000.0
2017-01-01,21,70519,20483,C,CITIGROUP INC,172665140700.00003
2017-01-01,22,26403,20587,DIS,DISNEY WALT CO,168822182880.0
2017-01-01,23,22752,21188,MRK,MERCK & CO INC NEW,165841850700.0
2017-01-01,24,66181,5085,HD,HOME DEPOT INC,163611203910.0
2017-01-01,25,89525,43613,CMCSA,COMCAST CORP NEW,163396950850.0
2017-01-01,26,12490,20990,IBM,INTERNATIONAL BUSINESS MACHS COR,158973447450.0
2017-01-01,27,10104,8045,ORCL,ORACLE CORP,158145708149.99997
2017-01-01,28,92655,7267,UNH,UNITEDHEALTH GROUP INC,153670693200.0
2017-01-01,29,76076,10486,CSCO,CISCO SYSTEMS INC,153303439859.99997
2017-01-01,30,13856,21384,PEP,PEPSICO INC,150087250950.00003
2017-04-01,1,14593,7,AAPL,APPLE INC,748075615500.0
2017-04-01,2,10107,8048,MSFT,MICROSOFT CORP,506242650000.0
2017-04-01,3,84788,15473,AMZN,AMAZON COM INC,426141784780.0
2017-04-01,4,11850,20678,XOM,EXXON MOBIL CORP,340304403979.99994
2017-04-01,5,22111,21018,JNJ,JOHNSON & JOHNSON,338021123480.0
2017-04-01,6,13407,54084,META,META PLATFORMS INC,336398295200.0
2017-04-01,7,47896,20436,JPM,JPMORGAN CHASE & CO,312618201760.0
2017-04-01,8,14542,45483,GOOG,ALPHABET INC,291265307726.56
2017-04-01,9,38703,21305,WFC,WELLS FARGO & CO NEW,277636890320.0
2017-04-01,10,12060,20792,GE,GENERAL ELECTRIC CO,260216374320.0
2017-04-01,11,66093,21645,T,A T & T INC,255305064900.0
2017-04-01,12,59408,3151,BAC,BANK OF AMERICA CORP,236181735370.0
2017-04-01,13,18163,21446,PG,PROCTER & GAMBLE CO,229264857360.0
2017-04-01,14,83443,540,BRK,BERKSHIRE HATHAWAY INC DEL,218650428480.00003
2017-04-01,15,55976,21880,WMT,WALMART INC,217861036470.0
2017-04-01,16,14541,20440,CVX,CHEVRON CORP NEW,204076503400.0
2017-04-01,17,21936,21394,PFE,PFIZER INC,203903514240.0
2017-04-01,18,65875,20288,VZ,VERIZON COMMUNICATIONS INC,200493679760.0
2017-04-01,19,10104,8045,ORCL,ORACLE CORP,183556053240.0
2017-04-01,20,11308,20468,KO,COCA COLA CO,182024356149.99997
2017-04-01,21,26403,20587,DIS,DISNEY WALT CO,178997273600.0
2017-04-01,22,89525,43613,CMCSA,COMCAST CORP NEW,177790710720.0
2017-04-01,23,66181,5085,HD,HOME DEPOT INC,176371837160.0
2017-04-01,24,92602,52978,PM,PHILIP MORRIS INTERNATIONAL INC,175364924490.0
2017-04-01,25,22752,21188,MRK,MERCK & CO INC NEW,174261391370.0
2017-04-01,26,59328,2367,INTC,INTEL CORP,170277439999.99997
2017-04-01,27,76076,10486,CSCO,CISCO SYSTEMS INC,168163804480.0
2017-04-01,28,92611,52983,V,VISA INC,166032756560.0
2017-04-01,29,70519,20483,C,CITIGROUP INC,165007143200.0
2017-04-01,30,12490,20990,IBM,INTERNATIONAL BUSINESS MACHS COR,164590668500.0
2017-07-01,1,14593,7,AAPL,APPLE INC,741863717000.0
2017-07-01,2,10107,8048,MSFT,MICROSOFT CORP,525454360000.0
2017-07-01,3,84788,15473,AMZN,AMAZON COM INC,457756785600.0
2017-07-01,4,22111,21018,JNJ,JOHNSON & JOHNSON,358010378761.67
2017-07-01,5,13407,54084,META,META PLATFORMS INC,351630646310.0
2017-07-01,6,11850,20678,XOM,EXXON MOBIL CORP,347879538599.99994
2017-07-01,7,47896,20436,JPM,JPMORGAN CHASE & CO,329522571000.0
2017-07-01,8,14542,45483,GOOG,ALPHABET INC,312506751877.32
2017-07-01,9,38703,21305,WFC,WELLS FARGO & CO NEW,278750398040.0
2017-07-01,10,59408,3151,BAC,BANK OF AMERICA CORP,245612867320.0
2017-07-01,11,12060,20792,GE,GENERAL ELECTRIC CO,238374784350.0
2017-07-01,12,66093,21645,T,A T & T INC,234300280000.0
2017-07-01,13,55976,21880,WMT,WALMART INC,227172644640.0
2017-07-01,14,83443,540,BRK,BERKSHIRE HATHAWAY INC DEL,225659643600.00003
2017-07-01,15,18163,21446,PG,PROCTER & GAMBLE CO,224405052359.99997
2017-07-01,16,10104,8045,ORCL,ORACLE CORP,204186623520.0
2017-07-01,17,21936,21394,PFE,PFIZER INC,201832484080.0
2017-07-01,18,14541,20440,CVX,CHEVRON CORP NEW,201391409100.0
2017-07-01,19,11308,20468,KO,COCA COLA CO,191239740840.0
2017-07-01,20,70519,20483,C,CITIGROUP INC,187937391080.0
2017-07-01,21,66181,5085,HD,HOME DEPOT INC,184127413594.45
2017-07-01,22,65875,20288,VZ,VERIZON COMMUNICATIONS INC,183571605000.0
2017-07-01,23,92602,52978,PM,PHILIP MORRIS INTERNATIONAL INC,181562416700.00003
2017-07-01,24,89525,43613,CMCSA,COMCAST CORP NEW,180442678079.99997
2017-07-01,25,92655,7267,UNH,UNITEDHEALTH GROUP INC,179867502663.38
2017-07-01,26,22752,21188,MRK,MERCK & CO INC NEW,175789054549.99997
2017-07-01,27,92611,52983,V,VISA INC,172347437500.0
2017-07-01,28,26403,20587,DIS,DISNEY WALT CO,168161897340.0
2017-07-01,29,13856,21384,PEP,PEPSICO INC,164560874400.0
2017-07-01,30,59328,2367,INTC,INTEL CORP,157228540000.0
2017-10-01,1,14593,7,AAPL,APPLE INC,788460975810.0001
2017-10-01,2,10107,8048,MSFT,MICROSOFT CORP,575648456130.0
2017-10-01,3,84788,15473,AMZN,AMAZON COM INC,462329580000.0
2017-10-01,4,13407,54084,META,META PLATFORMS INC,404185950000.0
2017-10-01,5,22111,21018,JNJ,JOHNSON & JOHNSON,352194480000.0
2017-10-01,6,11850,20678,XOM,EXXON MOBIL CORP,345874962780.0
2017-10-01,7,47896,20436,JPM,JPMORGAN CHASE & CO,340776473760.0
2017-10-01,8,14542,45483,GOOG,ALPHABET INC,333142133699.46
2017-10-01,9,38703,21305,WFC,WELLS FARGO & CO NEW,275350029150.0
2017-10-01,10,59408,3151,BAC,BANK OF AMERICA CORP,270291000000.0
2017-10-01,11,83443,540,BRK,BERKSHIRE HATHAWAY INC DEL,247294666519.99997
2017-10-01,12,66093,21645,T,A T & T INC,240135400000.0
2017-10-01,13,55976,21880,WMT,WALMART INC,234345996900.0
2017-10-01,14,18163,21446,PG,PROCTER & GAMBLE CO,234014784780.0
2017-10-01,15,14541,20440,CVX,CHEVRON CORP NEW,222530202290.00003
2017-10-01,16,21936,21394,PFE,PFIZER INC,214520878430.0
2017-10-01,17,12060,20792,GE,GENERAL ELECTRIC CO,212725733220.0
2017-10-01,18,10104,8045,ORCL,ORACLE CORP,203666116799.99997
2017-10-01,19,65875,20288,VZ,VERIZON COMMUNICATIONS INC,201359578880.0
2017-10-01,20,70519,20483,C,CITIGROUP INC,201072232799.99997
2017-10-01,21,66181,5085,HD,HOME DEPOT INC,193349728360.0
2017-10-01,22,92611,52983,V,VISA INC,192888772799.99997
2017-10-01,23,11308,20468,KO,COCA COLA CO,191085619200.0
2017-10-01,24,92655,7267,UNH,UNITEDHEALTH GROUP INC,190896838400.0
2017-10-01,25,59328,2367,INTC,INTEL CORP,182707200000.0
2017-10-01,26,89525,43613,CMCSA,COMCAST CORP NEW,177104496190.0
2017-10-01,27,22752,21188,MRK,MERCK & CO INC NEW,176050700700.0
2017-10-01,28,92602,52978,PM,PHILIP MORRIS INTERNATIONAL INC,172201953560.0
2017-10-01,29,76076,10486,CSCO,CISCO SYSTEMS INC,167128515000.0
2017-10-01,30,16851,56027,DD,DUPONT DE NEMOURS INC,164499148240.0
2018-01-01,1,14593,7,AAPL,APPLE INC,876296215689.44
2018-01-01,2,10107,8048,MSFT,MICROSOFT CORP,662244750000.0
2018-01-01,3,84788,15473,AMZN,AMAZON COM INC,572950631538.72
2018-01-01,4,13407,54084,META,META PLATFORMS INC,434863739999.99994
2018-01-01,5,47896,20436,JPM,JPMORGAN CHASE & CO,374556921700.0
2018-01-01,6,22111,21018,JNJ,JOHNSON & JOHNSON,374044179599.99994
2018-01-01,7,14542,45483,GOOG,ALPHABET INC,372048165000.0
2018-01-01,8,11850,20678,XOM,EXXON MOBIL CORP,360281123180.0
2018-01-01,9,59408,3151,BAC,BANK OF AMERICA CORP,311875358599.99994
2018-01-01,10,38703,21305,WFC,WELLS FARGO & CO NEW,300823104490.0
2018-01-01,11,55976,21880,WMT,WALMART INC,292061142790.0
2018-01-01,12,83443,540,BRK,BERKSHIRE HATHAWAY INC DEL,263661840240.0
2018-01-01,13,14541,20440,CVX,CHEVRON CORP NEW,242322134920.0
2018-01-01,14,66093,21645,T,A T & T INC,236597060000.0
2018-01-01,15,18163,21446,PG,PROCTER & GAMBLE CO,229975242700.00003
2018-01-01,16,59328,2367,INTC,INTEL CORP,219585950000.0
2018-01-01,17,66181,5085,HD,HOME DEPOT INC,219571844470.0
2018-01-01,18,65875,20288,VZ,VERIZON COMMUNICATIONS INC,218372476730.00003
2018-01-01,19,21936,21394,PFE,PFIZER INC,217208163079.99997
2018-01-01,20,92655,7267,UNH,UNITEDHEALTH GROUP INC,214318857720.0
2018-01-01,21,92611,52983,V,VISA INC,207360777030.0
2018-01-01,22,70519,20483,C,CITIGROUP INC,196607988720.0
2018-01-01,23,11308,20468,KO,COCA COLA CO,194030775180.0
2018-01-01,24,10104,8045,ORCL,ORACLE CORP,193029641260.00003
2018-01-01,25,76076,10486,CSCO,CISCO SYSTEMS INC,192109150920.0
2018-01-01,26,89525,43613,CMCSA,COMCAST CORP NEW,190362078480.0
2018-01-01,27,19561,20315,BA,BOEING CO,176791670359.99997
2018-01-01,28,26403,20587,DIS,DISNEY WALT CO,168514127600.0
2018-01-01,29,16851,56027,DD,DUPONT DE NEMOURS INC,168245281000.0
2018-01-01,30,13856,21384,PEP,PEPSICO INC,167645200000.0
2018-04-01,1,14593,7,AAPL,APPLE INC,823946194327.18
2018-04-01,2,10107,8048,MSFT,MICROSOFT CORP,680718800000.0
2018-04-01,3,84788,15473,AMZN,AMAZON COM INC,665415145150.0
2018-04-01,4,13407,54084,META,META PLATFORMS INC,373857773479.99994
2018-04-01,5,47896,20436,JPM,JPMORGAN CHASE & CO,367812826349.99994
2018-04-01,6,14542,45483,GOOG,ALPHABET INC,351613303429.41
2018-04-01,7,22111,21018,JNJ,JOHNSON & JOHNSON,334149638400.00006
2018-04-01,8,11850,20678,XOM,EXXON MOBIL CORP,310266967640.0
2018-04-01,9,59408,3151,BAC,BANK OF AMERICA CORP,299666114130.0
2018-04-01,10,83443,540,BRK,BERKSHIRE HATHAWAY INC DEL,262269150000.0
2018-04-01,11,55976,21880,WMT,WALMART INC,253431694549.99997
2018-04-01,12,38703,21305,WFC,WELLS FARGO & CO NEW,250387375550.0
2018-04-01,13,66093,21645,T,A T & T INC,227982608100.00003
2018-04-01,14,59328,2367,INTC,INTEL CORP,227967200000.0
2018-04-01,15,14541,20440,CVX,CHEVRON CORP NEW,214406796720.0
2018-04-01,16,92611,52983,V,VISA INC,213412773750.0
2018-04-01,17,92655,7267,UNH,UNITEDHEALTH GROUP INC,210176403600.0
2018-04-01,18,21936,21394,PFE,PFIZER INC,208497939299.99997
2018-04-01,19,66181,5085,HD,HOME DEPOT INC,200091971427.30002
2018-04-01,20,76076,10486,CSCO,CISCO SYSTEMS INC,197566372170.0
2018-04-01,21,18163,21446,PG,PROCTER & GAMBLE CO,195125709600.00003
2018-04-01,22,65875,20288,VZ,VERIZON COMMUNICATIONS INC,194674782239.99997
2018-04-01,23,19561,20315,BA,BOEING CO,189344506560.0
2018-04-01,24,10104,8045,ORCL,ORACLE CORP,183744908130.0
2018-04-01,25,11308,20468,KO,COCA COLA CO,181966172330.0
2018-04-01,26,91233,50700,MA,MASTERCARD INC,177991423972.46
2018-04-01,27,70519,20483,C,CITIGROUP INC,173359673459.99997
2018-04-01,28,89525,43613,CMCSA,COMCAST CORP NEW,154449165440.00003
2018-04-01,29,13856,21384,PEP,PEPSICO INC,151903950000.0
2018-04-01,30,92602,52978,PM,PHILIP MORRIS INTERNATIONAL INC,151502054200.00003
2018-07-01,1,14593,7,AAPL,APPLE INC,906497155630.8301
2018-07-01,2,84788,15473,AMZN,AMAZON COM INC,834610874609.9999
2018-07-01,3,10107,8048,MSFT,MICROSOFT CORP,767776770000.0
2018-07-01,4,13407,54084,META,META PLATFORMS INC,476229680000.00006
2018-07-01,5,14542,45483,GOOG,ALPHABET INC,394791379593.6
2018-07-01,6,47896,20436,JPM,JPMORGAN CHASE & CO,357773967159.99994
2018-07-01,7,11850,20678,XOM,EXXON MOBIL CORP,346158267840.00006
2018-07-01,8,22111,21018,JNJ,JOHNSON & JOHNSON,326095797000.0
2018-07-01,9,59408,3151,BAC,BANK OF AMERICA CORP,286740931120.0
2018-07-01,10,38703,21305,WFC,WELLS FARGO & CO NEW,274440263680.0
2018-07-01,11,83443,540,BRK,BERKSHIRE HATHAWAY INC DEL,252833642910.00003
2018-07-01,12,55976,21880,WMT,WALMART INC,247870896000.0
2018-07-01,13,92655,7267,UNH,UNITEDHEALTH GROUP INC,237823577880.0
2018-07-01,14,14541,20440,CVX,CHEVRON CORP NEW,237436407250.0
2018-07-01,15,92611,52983,V,VISA INC,236666730000.0
2018-07-01,16,66093,21645,T,A T & T INC,235980123000.0
2018-07-01,17,59328,2367,INTC,INTEL CORP,231472200000.0
2018-07-01,18,66181,5085,HD,HOME DEPOT INC,223810606880.00003
2018-07-01,19,21936,21394,PFE,PFIZER INC,212514914429.99997
2018-07-01,20,65875,20288,VZ,VERIZON COMMUNICATIONS INC,208330246740.0
2018-07-01,21,91233,50700,MA,MASTERCARD INC,203638645649.99997
2018-07-01,22,76076,10486,CSCO,CISCO SYSTEMS INC,201330378420.00003
2018-07-01,23,18163,21446,PG,PROCTER & GAMBLE CO,196465619869.99997
2018-07-01,24,19561,20315,BA,BOEING CO,195793816654.19
2018-07-01,25,11308,20468,KO,COCA COLA CO,186167756250.0
2018-07-01,26,10104,8045,ORCL,ORACLE CORP,178952917250.0
2018-07-01,27,89393,43145,NFLX,NETFLIX INC,173390662085.41998
2018-07-01,28,70519,20483,C,CITIGROUP INC,171253500280.0
2018-07-01,29,22752,21188,MRK,MERCK & CO INC NEW,162655779840.0
2018-07-01,30,26403,20587,DIS,DISNEY WALT CO,156599482829.99997
2018-10-01,1,14593,7,AAPL,APPLE INC,1080618070810.1399
2018-10-01,2,84788,15473,AMZN,AMAZON COM INC,970110235160.0
2018-10-01,3,10107,8048,MSFT,MICROSOFT CORP,887884800000.0
2018-10-01,4,14542,45483,GOOG,ALPHABET INC,417570811670.45996
2018-10-01,5,13407,54084,META,META PLATFORMS INC,390180880000.0
2018-10-01,6,47896,20436,JPM,JPMORGAN CHASE & CO,381460334000.0
2018-10-01,7,22111,21018,JNJ,JOHNSON & JOHNSON,374754185640.0
2018-10-01,8,11850,20678,XOM,EXXON MOBIL CORP,363303236100.0
2018-10-01,9,59408,3151,BAC,BANK OF AMERICA CORP,296151612500.0
2018-10-01,10,83443,540,BRK,BERKSHIRE HATHAWAY INC DEL,293355329980.0
2018-10-01,11,55976,21880,WMT,WALMART INC,276472584000.0
2018-10-01,12,92611,52983,V,VISA INC,267902242053.41998
2018-10-01,13,21936,21394,PFE,PFIZER INC,259515609700.00003
2018-10-01,14,92655,7267,UNH,UNITEDHEALTH GROUP INC,259001493924.73
2018-10-01,15,38703,21305,WFC,WELLS FARGO & CO NEW,251643158250.0
2018-10-01,16,66093,21645,T,A T & T INC,243204380000.0
2018-10-01,17,14541,20440,CVX,CHEVRON CORP NEW,238349525330.0
2018-10-01,18,66181,5085,HD,HOME DEPOT INC,237523060241.38
2018-10-01,19,91233,50700,MA,MASTERCARD INC,229376557350.00003
2018-10-01,20,76076,10486,CSCO,CISCO SYSTEMS INC,223401092579.99997
2018-10-01,21,65875,20288,VZ,VERIZON COMMUNICATIONS INC,222463434240.0
2018-10-01,22,19561,20315,BA,BOEING CO,219628669065.08
2018-10-01,23,59328,2367,INTC,INTEL CORP,211997800000.0
2018-10-01,24,18163,21446,PG,PROCTER & GAMBLE CO,208267933530.0
2018-10-01,25,11308,20468,KO,COCA COLA CO,196612584059.99997
2018-10-01,26,10104,8045,ORCL,ORACLE CORP,196216328000.0
2018-10-01,27,22752,21188,MRK,MERCK & CO INC NEW,190235823250.0
2018-10-01,28,70519,20483,C,CITIGROUP INC,181019397650.0
2018-10-01,29,86580,16382,NVDA,NVIDIA CORP,175930873920.0
2018-10-01,30,26403,20587,DIS,DISNEY WALT CO,172877126320.0
2019-01-01,1,10107,8048,MSFT,MICROSOFT CORP,776904960000.0
2019-01-01,2,84788,15473,AMZN,AMAZON COM INC,752586856970.0
2019-01-01,3,14593,7,AAPL,APPLE INC,746930489760.0
2019-01-01,4,14542,45483,GOOG,ALPHABET INC,365710729306.44
2019-01-01,5,22111,21018,JNJ,JOHNSON & JOHNSON,342622689500.0
2019-01-01,6,47896,20436,JPM,JPMORGAN CHASE & CO,330246566410.0
2019-01-01,7,13407,54084,META,META PLATFORMS INC,325966562855.34
2019-01-01,8,11850,20678,XOM,EXXON MOBIL CORP,295054009830.0
2019-01-01,9,83443,540,BRK,BERKSHIRE HATHAWAY INC DEL,276374420400.00006
2019-01-01,10,55976,21880,WMT,WALMART INC,271176968400.00003
2019-01-01,11,21936,21394,PFE,PFIZER INC,250005543750.0
2019-01-01,12,59408,3151,BAC,BANK OF AMERICA CORP,244962357120.0
2019-01-01,13,92655,7267,UNH,UNITEDHEALTH GROUP INC,234245668280.34003
2019-01-01,14,92611,52983,V,VISA INC,233572606640.0
2019-01-01,15,65875,20288,VZ,VERIZON COMMUNICATIONS INC,231475480300.0
2019-01-01,16,18163,21446,PG,PROCTER & GAMBLE CO,227415722240.0
2019-01-01,17,38703,21305,WFC,WELLS FARGO & CO NEW,220958033359.99997
2019-01-01,18,66093,21645,T,A T & T INC,214992120000.0
2019-01-01,19,59328,2367,INTC,INTEL CORP,214873120000.0
2019-01-01,20,14541,20440,CVX,CHEVRON CORP NEW,211503574060.0
2019-01-01,21,11308,20468,KO,COCA COLA CO,199758202020.0
2019-01-01,22,22752,21188,MRK,MERCK & CO INC NEW,196562421840.0
2019-01-01,23,66181,5085,HD,HOME DEPOT INC,194741922480.0
2019-01-01,24,91233,50700,MA,MASTERCARD INC,193711458149.31003
2019-01-01,25,76076,10486,CSCO,CISCO SYSTEMS INC,193101567900.0
2019-01-01,26,19561,20315,BA,BOEING CO,183886841850.0
2019-01-01,27,10104,8045,ORCL,ORACLE CORP,162290917180.0
2019-01-01,28,26403,20587,DIS,DISNEY WALT CO,162220478870.0
2019-01-01,29,89525,43613,CMCSA,COMCAST CORP NEW,155232723660.0
2019-01-01,30,13856,21384,PEP,PEPSICO INC,153975520000.0
2019-04-01,1,10107,8048,MSFT,MICROSOFT CORP,912407320000.0
2019-04-01,2,14593,7,AAPL,APPLE INC,901750194352.8
2019-04-01,3,84788,15473,AMZN,AMAZON COM INC,892581450480.0
2019-04-01,4,14542,45483,GOOG,ALPHABET INC,416630340170.55
2019-04-01,5,13407,54084,META,META PLATFORMS INC,405567958599.99994
2019-04-01,6,22111,21018,JNJ,JOHNSON & JOHNSON,370072052560.0
2019-04-01,7,11850,20678,XOM,EXXON MOBIL CORP,346290010000.0
2019-04-01,8,47896,20436,JPM,JPMORGAN CHASE & CO,342616682880.0
2019-04-01,9,83443,540,BRK,BERKSHIRE HATHAWAY INC DEL,281198090000.0
2019-04-01,10,55976,21880,WMT,WALMART INC,280712488880.0
2019-04-01,11,92611,52983,V,VISA INC,275232817518.23
2019-04-01,12,59408,3151,BAC,BANK OF AMERICA CORP,275095547380.0
2019-04-01,13,18163,21446,PG,PROCTER & GAMBLE CO,259263751200.0
2019-04-01,14,65875,20288,VZ,VERIZON COMMUNICATIONS INC,244041700000.0
2019-04-01,15,59328,2367,INTC,INTEL CORP,244041270000.0
2019-04-01,16,91233,50700,MA,MASTERCARD INC,242453593900.0
2019-04-01,17,76076,10486,CSCO,CISCO SYSTEMS INC,242023499440.0
2019-04-01,18,21936,21394,PFE,PFIZER INC,237839326200.00003
2019-04-01,19,14541,20440,CVX,CHEVRON CORP NEW,237393871220.0
2019-04-01,20,92655,7267,UNH,UNITEDHEALTH GROUP INC,235605196464.61
2019-04-01,21,66093,21645,T,A T & T INC,232742650500.0
2019-04-01,22,38703,21305,WFC,WELLS FARGO & CO NEW,221692677120.0
2019-04-01,23,19561,20315,BA,BOEING CO,221017287924.82
2019-04-01,24,66181,5085,HD,HOME DEPOT INC,215967778559.99997
2019-04-01,25,22752,21188,MRK,MERCK & CO INC NEW,215015626000.0
2019-04-01,26,26403,20587,DIS,DISNEY WALT CO,202250338710.0
2019-04-01,27,11308,20468,KO,COCA COLA CO,199735521920.0
2019-04-01,28,10104,8045,ORCL,ORACLE CORP,186535555320.0
2019-04-01,29,89525,43613,CMCSA,COMCAST CORP NEW,182566852010.00003
2019-04-01,30,13856,21384,PEP,PEPSICO INC,171288000000.0
2019-07-01,1,10107,8048,MSFT,MICROSOFT CORP,1037002163570.0
2019-07-01,2,84788,15473,AMZN,AMAZON COM INC,949561830360.0
2019-07-01,3,14593,7,AAPL,APPLE INC,913302662250.0
2019-07-01,4,13407,54084,META,META PLATFORMS INC,464551000000.0
2019-07-01,5,14542,45483,GOOG,ALPHABET INC,382095366199.6
2019-07-01,6,22111,21018,JNJ,JOHNSON & JOHNSON,370008604160.0
2019-07-01,7,47896,20436,JPM,JPMORGAN CHASE & CO,368774850640.00006
2019-07-01,8,11850,20678,XOM,EXXON MOBIL CORP,323932556640.0
2019-07-01,9,55976,21880,WMT,WALMART INC,315789347640.0
2019-07-01,10,92611,52983,V,VISA INC,302479572719.99994
2019-07-01,11,83443,540,BRK,BERKSHIRE HATHAWAY INC DEL,293652312660.0
2019-07-01,12,59408,3151,BAC,BANK OF AMERICA CORP,279731332260.0
2019-07-01,13,18163,21446,PG,PROCTER & GAMBLE CO,277145381700.0
2019-07-01,14,91233,50700,MA,MASTERCARD INC,269400875641.38
2019-07-01,15,26403,20587,DIS,DISNEY WALT CO,254927345353.01
2019-07-01,16,66093,21645,T,A T & T INC,243972140000.0
2019-07-01,17,21936,21394,PFE,PFIZER INC,243002504850.00003
2019-07-01,18,14541,20440,CVX,CHEVRON CORP NEW,237809214080.0
2019-07-01,19,65875,20288,VZ,VERIZON COMMUNICATIONS INC,234329158619.99997
2019-07-01,20,76076,10486,CSCO,CISCO SYSTEMS INC,234327324420.00003
2019-07-01,21,66181,5085,HD,HOME DEPOT INC,231368140080.0
2019-07-01,22,92655,7267,UNH,UNITEDHEALTH GROUP INC,230591225519.99997
2019-07-01,23,11308,20468,KO,COCA COLA CO,220131534000.0
2019-07-01,24,22752,21188,MRK,MERCK & CO INC NEW,218201079000.0
2019-07-01,25,38703,21305,WFC,WELLS FARGO & CO NEW,214335217670.0
2019-07-01,26,59328,2367,INTC,INTEL CORP,212861500000.0
2019-07-01,27,19561,20315,BA,BOEING CO,200555084173.7
2019-07-01,28,89525,43613,CMCSA,COMCAST CORP NEW,193712956110.0
2019-07-01,29,10104,8045,ORCL,ORACLE CORP,193510860190.0
2019-07-01,30,13856,21384,PEP,PEPSICO INC,184376677900.0
2019-10-01,1,10107,8048,MSFT,MICROSOFT CORP,1046392456339.9999
2019-10-01,2,14593,7,AAPL,APPLE INC,997906373240.0
2019-10-01,3,84788,15473,AMZN,AMAZON COM INC,859146759900.0
2019-10-01,4,13407,54084,META,META PLATFORMS INC,423350480000.0
2019-10-01,5,14542,45483,GOOG,ALPHABET INC,415487140504.52
2019-10-01,6,47896,20436,JPM,JPMORGAN CHASE & CO,369469391750.0
2019-10-01,7,22111,21018,JNJ,JOHNSON & JOHNSON,343065214731.66003
2019-10-01,8,55976,21880,WMT,WALMART INC,335198869400.0
2019-10-01,9,18163,21446,PG,PROCTER & GAMBLE CO,309951097050.0
2019-10-01,10,92611,52983,V,VISA INC,300993758320.29
2019-10-01,11,11850,20678,XOM,EXXON MOBIL CORP,291734758700.0
2019-10-01,12,83443,540,BRK,BERKSHIRE HATHAWAY INC DEL,286564360673.11
2019-10-01,13,66093,21645,T,A T & T INC,273354870000.0
2019-10-01,14,91233,50700,MA,MASTERCARD INC,271782894339.99997
2019-10-01,15,59408,3151,BAC,BANK OF AMERICA CORP,264728080440.0
2019-10-01,16,66181,5085,HD,HOME DEPOT INC,253067955240.0
2019-10-01,17,65875,20288,VZ,VERIZON COMMUNICATIONS INC,247539600000.0
2019-10-01,18,11308,20468,KO,COCA COLA CO,233684875549.99997
2019-10-01,19,26403,20587,DIS,DISNEY WALT CO,233368649450.00003
2019-10-01,20,59328,2367,INTC,INTEL CORP,220806000000.0
2019-10-01,21,14541,20440,CVX,CHEVRON CORP NEW,220235472180.0
2019-10-01,22,38703,21305,WFC,WELLS FARGO & CO NEW,216163609420.00003
2019-10-01,23,22752,21188,MRK,MERCK & CO INC NEW,214072953750.0
2019-10-01,24,19561,20315,BA,BOEING CO,210982487400.0
2019-10-01,25,92655,7267,UNH,UNITEDHEALTH GROUP INC,205845799486.81
2019-10-01,26,76076,10486,CSCO,CISCO SYSTEMS INC,202670144600.0
2019-10-01,27,89525,43613,CMCSA,COMCAST CORP NEW,202112163120.0
2019-10-01,28,21936,21394,PFE,PFIZER INC,195965030640.0
2019-10-01,29,13856,21384,PEP,PEPSICO INC,191553535950.00003
2019-10-01,30,10104,8045,ORCL,ORACLE CORP,176599414600.0
2020-01-01,1,14593,7,AAPL,APPLE INC,1316742553290.27
2020-01-01,2,10107,8048,MSFT,MICROSOFT CORP,1222478820000.0
2020-01-01,3,84788,15473,AMZN,AMAZON COM INC,945208984980.0
2020-01-01,4,13407,54084,META,META PLATFORMS INC,504940460000.0
2020-01-01,5,14542,45483,GOOG,ALPHABET INC,467730786419.99994
2020-01-01,6,47896,20436,JPM,JPMORGAN CHASE & CO,442526668650.00006
2020-01-01,7,22111,21018,JNJ,JOHNSON & JOHNSON,384174355840.0
2020-01-01,8,55976,21880,WMT,WALMART INC,337453594500.0
2020-01-01,9,92611,52983,V,VISA INC,327166478560.0
2020-01-01,10,59408,3151,BAC,BANK OF AMERICA CORP,320585613480.0
2020-01-01,11,83443,540,BRK,BERKSHIRE HATHAWAY INC DEL,315958151849.99994
2020-01-01,12,18163,21446,PG,PROCTER & GAMBLE CO,307761338920.0
2020-01-01,13,91233,50700,MA,MASTERCARD INC,302616062084.49
2020-01-01,14,11850,20678,XOM,EXXON MOBIL CORP,299985415400.00006
2020-01-01,15,66093,21645,T,A T & T INC,283872300000.0
2020-01-01,16,92655,7267,UNH,UNITEDHEALTH GROUP INC,277118887500.0
2020-01-01,17,26403,20587,DIS,DISNEY WALT CO,267115383600.0
2020-01-01,18,59328,2367,INTC,INTEL CORP,261003600000.0
2020-01-01,19,65875,20288,VZ,VERIZON COMMUNICATIONS INC,252489613200.0
2020-01-01,20,66181,5085,HD,HOME DEPOT INC,239611937460.0
2020-01-01,21,11308,20468,KO,COCA COLA CO,235604160090.0
2020-01-01,22,22752,21188,MRK,MERCK & CO INC NEW,234332367360.0
2020-01-01,23,14541,20440,CVX,CHEVRON CORP NEW,229608586960.0
2020-01-01,24,38703,21305,WFC,WELLS FARGO & CO NEW,227328046250.0
2020-01-01,25,21936,21394,PFE,PFIZER INC,216605535080.0
2020-01-01,26,89525,43613,CMCSA,COMCAST CORP NEW,206142678299.99997
2020-01-01,27,76076,10486,CSCO,CISCO SYSTEMS INC,205410374460.0
2020-01-01,28,13856,21384,PEP,PEPSICO INC,188925633910.0
2020-01-01,29,19561,20315,BA,BOEING CO,187589501747.91003
2020-01-01,30,70519,20483,C,CITIGROUP INC,177340848620.0
2020-04-01,1,10107,8048,MSFT,MICROSOFT CORP,1154514900000.0
2020-04-01,2,14593,7,AAPL,APPLE INC,1041691708170.0
2020-04-01,3,84788,15473,AMZN,AMAZON COM INC,951942275050.0
2020-04-01,4,13407,54084,META,META PLATFORMS INC,383997624060.0
2020-04-01,5,14542,45483,GOOG,ALPHABET INC,373166651159.99994
2020-04-01,6,22111,21018,JNJ,JOHNSON & JOHNSON,339588501120.0
2020-04-01,7,55976,21880,WMT,WALMART INC,323276096780.00006
2020-04-01,8,18163,21446,PG,PROCTER & GAMBLE CO,269985296490.0
2020-04-01,9,92611,52983,V,VISA INC,261209334640.00003
2020-04-01,10,47896,20436,JPM,JPMORGAN CHASE & CO,259320699720.0
2020-04-01,11,83443,540,BRK,BERKSHIRE HATHAWAY INC DEL,243224834399.99997
2020-04-01,12,91233,50700,MA,MASTERCARD INC,227302579410.00003
2020-04-01,13,92655,7267,UNH,UNITEDHEALTH GROUP INC,225115353845.73
2020-04-01,14,59328,2367,INTC,INTEL CORP,219659920000.0
2020-04-01,15,65875,20288,VZ,VERIZON COMMUNICATIONS INC,219088800000.0
2020-04-01,16,66093,21645,T,A T & T INC,201199396200.00003
2020-04-01,17,66181,5085,HD,HOME DEPOT INC,191981163460.0
2020-04-01,18,22752,21188,MRK,MERCK & CO INC NEW,187176652200.0
2020-04-01,19,11308,20468,KO,COCA COLA CO,180838092239.99997
2020-04-01,20,21936,21394,PFE,PFIZER INC,176137538250.0
2020-04-01,21,59408,3151,BAC,BANK OF AMERICA CORP,172563038100.0
2020-04-01,22,26403,20587,DIS,DISNEY WALT CO,171372269880.0
2020-04-01,23,13856,21384,PEP,PEPSICO INC,164068680000.0
2020-04-01,24,76076,10486,CSCO,CISCO SYSTEMS INC,162552930400.0
2020-04-01,25,89393,43145,NFLX,NETFLIX INC,160115462082.19
2020-04-01,26,11850,20678,XOM,EXXON MOBIL CORP,158834128230.00003
2020-04-01,27,10104,8045,ORCL,ORACLE CORP,153611076640.00003
2020-04-01,28,86580,16382,NVDA,NVIDIA CORP,149514307711.08
2020-04-01,29,89525,43613,CMCSA,COMCAST CORP NEW,147661720580.0
2020-04-01,30,75510,8476,ADBE,ADOBE INC,145123274391.99002
